miRNA,SRR18856083,SRR18856084,SRR18856085,SRR18856086,SRR18856087,SRR18856088,SRR18856089,SRR18856090,SRR18856091,SRR18856092,SRR18856093,SRR18856094,SRR18856095,SRR18856096,SRR18856097,SRR18856098,SRR18856099,SRR18856100,SRR18856101,SRR18856102,SRR18856103,SRR18856104,SRR18856105,SRR18856106,SRR18856107,SRR18856108,SRR18856109,SRR18856110,SRR18856111,SRR18856112,SRR18856113,SRR18856114,SRR18856115,SRR18856116,SRR18856117,SRR18856118,SRR18856119,SRR18856120,SRR18856121,SRR18856122,SRR18856123,SRR18856124,SRR18856125,SRR18856126,SRR18856127,SRR18856128,SRR18856129,SRR18856130
rno-let-7a-1-3p,79,47,26,159,6,14,6,22,14,8,26,237,7,47,209,143,17,32,11,25,11,14,22,11,39,28,44,92,58,32,9,18,10,16,9,24,10,21,47,11,9,8,18,13,12,16,13,24
rno-let-7a-2-3p,0,0,0,2,0,0,0,0,0,0,0,0,0,0,0,0,0,0,0,0,0,0,0,0,0,0,0,2,0,0,0,0,0,0,0,0,0,0,0,0,0,0,0,0,0,0,0,0
rno-let-7a-5p,2188,1332,2111,4868,16,8,237,32,60,40,85,9346,79,876,7728,3230,161,59,89,54,111,32,68,18,1497,116,1001,6094,892,90,114,21,32,18,24,67,53,1483,1297,41,22,7,11,10,35,18,12,49
rno-let-7b-3p,0,0,1,8,0,0,0,1,0,0,0,1,0,0,2,4,1,1,0,0,0,0,0,0,0,0,0,3,2,1,0,0,0,0,0,0,0,0,1,0,0,0,0,0,0,0,1,0
rno-let-7b-5p,976,488,786,2656,9,8,136,13,34,30,43,3434,34,338,3835,2280,93,46,84,23,50,24,45,15,496,17,404,4829,280,44,62,22,15,16,14,41,33,624,375,16,12,4,9,3,18,23,8,25
rno-let-7c-1-3p,0,0,0,0,0,0,0,0,0,0,0,3,0,1,1,2,0,0,0,0,0,0,0,0,0,0,0,0,0,0,0,0,0,0,0,0,0,0,0,0,0,0,0,0,0,0,0,0
rno-let-7c-2-3p,79,47,26,159,6,14,6,22,14,8,26,237,7,47,208,143,17,32,11,25,11,14,22,11,39,28,44,92,58,32,9,18,10,16,9,24,10,21,47,11,9,8,18,13,12,16,13,24
rno-let-7c-5p,4323,2311,3847,10323,17,11,512,30,70,51,144,15737,104,1633,16481,7788,193,82,131,75,164,48,128,25,2337,163,1720,15946,1419,113,123,24,40,33,37,151,68,2766,2039,75,32,13,22,21,59,33,18,87
rno-let-7d-3p,3,5,3,50,3,4,2,33,50,10,41,29,3,2,37,56,95,43,9,28,4,16,27,13,1,3,0,16,1,68,29,8,15,8,26,5,37,1,10,14,21,2,10,7,6,28,6,53
rno-let-7d-5p,38,43,42,143,1,4,9,4,8,6,13,298,6,19,245,93,37,25,26,15,32,11,14,2,48,5,33,153,46,6,12,8,5,3,3,5,12,23,28,9,0,1,2,0,3,4,1,2
rno-let-7e-3p,3,4,1,11,1,1,0,2,3,0,5,7,0,1,15,17,0,3,0,2,0,0,4,1,2,0,2,11,1,0,0,1,0,1,0,1,0,2,3,0,0,0,0,1,1,2,1,3
rno-let-7e-5p,379,183,336,781,5,0,43,4,11,5,19,1305,8,150,1161,535,10,23,4,3,14,7,7,1,261,8,168,761,125,12,12,5,3,3,4,14,4,310,279,8,2,2,2,3,7,5,2,7
rno-let-7f-1-3p,0,1,0,0,0,0,0,1,0,0,0,2,0,0,1,0,0,0,1,0,0,0,0,0,0,0,0,1,0,2,0,0,0,0,0,0,1,0,0,0,1,0,0,0,0,0,0,0
rno-let-7f-2-3p,11,7,1,19,2,1,1,10,1,0,2,26,2,3,26,4,1,1,3,2,0,0,0,2,5,1,6,7,11,8,1,2,0,1,1,1,1,7,4,1,1,2,0,1,1,0,0,7
rno-let-7f-5p,6309,3302,9304,12185,59,54,636,199,165,52,162,27521,416,2677,27696,7993,195,209,79,136,288,167,166,68,7213,693,3450,9421,3630,219,329,61,103,49,119,185,112,8383,9777,451,115,54,84,86,190,201,101,421
rno-let-7g-3p,0,0,0,1,0,0,0,0,0,1,0,4,0,0,2,1,1,0,1,0,0,0,0,0,0,0,2,5,0,0,0,1,0,0,4,0,0,0,0,0,0,0,0,1,0,0,0,0
rno-let-7g-5p,233,161,441,1509,16,18,78,59,95,43,233,3612,24,326,2302,973,320,153,122,159,137,158,185,96,389,44,237,1970,321,213,151,127,78,53,77,210,169,561,523,244,104,15,39,85,129,151,81,234
rno-let-7i-3p,1,1,2,12,0,1,1,1,2,1,3,11,0,0,11,11,4,1,1,0,3,0,0,0,2,3,0,13,2,2,4,0,0,4,0,1,2,1,0,0,2,0,0,0,0,0,0,2
rno-let-7i-5p,3363,1721,9892,15125,141,238,690,937,647,360,1111,28469,202,2804,19845,9179,642,2361,1745,1039,1211,1040,1267,829,5658,497,6094,8966,3443,1138,855,777,559,630,798,1774,635,9392,9358,2342,719,355,1117,1218,878,1172,474,2266
rno-miR-1-3p,522,232,750,1146,1,1,57,1,3,2,13,2250,310,321,3291,491,0,2,2,2,18,1,12,2,661,85,588,562,256,0,2,2,0,3,1,29,1,3749,1175,20,0,1,1,0,30,2,4,7
rno-miR-1-5p,0,0,0,2,0,0,0,0,0,0,0,2,0,1,2,0,0,0,0,0,0,0,0,0,0,0,1,1,1,0,0,0,0,0,0,0,0,0,0,0,0,0,0,0,0,0,0,0
rno-miR-100-3p,10,7,10,22,0,0,0,0,3,0,2,30,1,3,25,11,0,1,0,1,1,0,1,0,2,1,12,13,6,0,1,0,0,1,0,1,0,9,7,1,0,0,0,0,0,1,0,1
rno-miR-100-5p,1896,1109,1266,3856,25,22,174,35,97,29,178,5404,325,638,4332,2275,5,98,26,29,135,28,50,55,974,478,1204,1665,1149,10,26,21,13,62,24,267,26,1636,2940,75,12,21,20,9,87,32,27,97
rno-miR-101a-3p,4217,3274,5325,8183,269,255,430,611,598,276,815,26449,2118,2487,18729,4846,366,1241,466,555,554,438,779,480,8913,2522,7008,4426,10104,604,411,498,354,495,499,1468,583,7708,11134,793,422,251,441,353,910,541,401,1022
rno-miR-101a-5p,16,10,5,36,0,0,1,0,1,0,3,47,2,13,61,24,0,2,2,1,0,0,1,2,4,3,7,26,16,4,0,1,1,1,2,4,2,1,6,0,1,1,0,1,2,1,0,4
rno-miR-101b-3p,691,615,926,1546,160,227,87,825,491,424,474,4997,182,378,2224,891,1301,1166,319,819,163,732,566,336,1162,280,1199,957,1376,2051,481,394,368,355,405,523,652,1196,1746,443,394,124,642,324,416,746,308,952
rno-miR-101b-5p,1,0,0,2,0,0,1,0,0,0,0,0,0,0,2,0,0,0,0,0,0,0,0,0,1,0,1,2,1,0,0,0,0,0,0,0,0,1,0,0,0,0,0,0,0,0,0,0
rno-miR-103-1-5p,0,1,0,1,0,0,0,0,0,0,1,0,0,1,2,1,0,0,0,0,0,0,1,0,0,0,0,2,0,0,0,0,0,0,0,0,0,1,0,0,0,0,1,0,0,0,0,2
rno-miR-103-2-5p,0,0,0,0,0,0,0,0,0,0,0,0,0,0,0,0,0,0,0,0,0,0,0,0,0,0,0,0,0,0,0,0,0,0,0,0,0,0,0,0,0,0,0,0,0,0,0,0
rno-miR-103-3p,9767,4642,6277,16948,1054,1362,848,3928,1636,1402,2074,22856,222,2675,21123,10801,1709,4042,2673,1909,606,1712,2165,1590,3824,673,4978,7810,4551,2940,1644,1125,1428,1437,1923,1924,1597,5614,9918,1144,1221,482,2050,1284,874,1526,767,3059
rno-miR-105,0,0,0,0,0,0,0,0,0,0,0,0,0,0,0,0,0,0,0,0,0,0,0,0,0,0,0,0,0,0,0,0,0,0,0,0,0,0,0,0,0,0,0,0,0,0,0,0
rno-miR-106b-3p,26,20,48,66,3,6,1,8,6,12,30,131,3,17,112,57,4,6,58,4,7,4,12,13,19,8,47,38,21,11,6,10,3,6,6,28,6,48,57,46,4,4,9,33,9,9,4,18
rno-miR-106b-5p,11,9,2,35,4,12,3,15,47,9,69,43,6,5,48,24,53,21,24,12,8,23,19,14,7,2,3,34,19,31,20,26,15,17,16,16,22,4,5,19,16,8,8,8,7,20,9,25
rno-miR-107-3p,1279,595,887,2542,401,503,122,1550,660,567,854,3455,35,372,3288,1256,690,1708,976,737,262,710,846,634,506,114,621,875,736,1057,570,422,520,583,729,658,600,682,1412,439,431,193,836,490,321,554,265,1103
rno-miR-107-5p,1,0,0,4,0,0,0,0,0,0,0,2,0,0,1,2,0,0,1,0,0,0,0,0,0,0,0,2,1,0,0,0,0,0,0,0,0,0,1,0,0,1,0,1,0,1,0,0
rno-miR-10a-3p,6,4,1,6,10,1,2,11,12,6,3,14,1,2,19,6,1,10,6,16,14,6,19,4,3,0,5,3,2,7,1,12,3,4,10,13,1,10,8,6,8,4,4,1,27,4,11,23
rno-miR-10a-5p,57,37,116,248,27,12,10,16,52,18,24,557,80,82,365,169,22,91,9,69,129,38,30,42,109,49,102,179,121,22,20,29,20,40,25,148,40,162,261,115,41,27,13,7,179,52,77,95
rno-miR-10b-3p,18,6,8,42,1,4,3,3,6,2,2,44,0,4,63,18,2,3,1,1,0,2,0,4,6,0,7,16,6,4,3,3,4,0,0,3,0,10,19,1,2,0,7,0,3,4,0,11
rno-miR-10b-5p,14,14,46,96,0,1,3,1,2,1,0,181,50,32,152,51,0,1,1,3,3,4,1,2,42,50,61,68,44,1,0,0,0,0,2,3,4,99,104,0,0,0,2,0,2,1,2,2
rno-miR-1188-3p,0,0,0,0,0,0,0,0,0,0,0,0,0,0,0,0,0,0,0,0,0,0,0,0,0,0,0,0,0,0,0,0,0,0,0,0,0,0,0,0,0,0,0,0,0,0,0,0
rno-miR-1188-5p,0,0,0,0,0,0,0,0,0,0,0,0,0,0,0,0,0,0,0,0,0,1,0,0,0,0,0,0,0,0,0,0,0,0,0,0,0,0,0,0,0,0,0,0,0,0,0,0
rno-miR-1193-3p,1,2,0,4,0,0,0,0,0,0,0,3,0,1,5,6,0,0,0,0,0,0,0,0,0,3,0,2,3,0,0,0,0,0,0,0,0,1,5,0,0,0,0,0,0,0,0,0
rno-miR-1193-5p,0,0,0,0,0,0,0,0,0,0,0,0,0,0,0,0,0,0,0,0,0,0,0,0,0,0,0,0,0,0,0,0,0,0,0,0,0,0,0,0,0,0,0,0,0,0,0,0
rno-miR-1199-3p,0,0,0,0,0,0,0,0,0,0,0,0,0,0,0,0,0,0,0,0,0,0,0,0,0,0,0,0,0,0,0,0,0,0,0,0,0,0,0,0,0,0,0,0,0,0,0,0
rno-miR-1199-5p,0,0,0,0,0,0,0,0,0,0,0,0,0,0,0,0,0,0,0,0,0,0,0,0,0,0,0,0,0,0,0,0,0,0,0,0,0,0,0,0,0,0,0,0,0,0,0,0
rno-miR-122-3p,0,0,0,0,2,8,0,8,50,46,9,2,0,0,0,0,98,11,6,35,1,18,55,6,0,0,0,0,0,132,5,14,32,30,11,11,11,0,0,13,14,3,10,4,12,11,17,17
rno-miR-122-5p,0,2,1,0,5,4,0,10,19,52,13,3,0,0,0,1,190,24,22,69,4,80,82,13,0,0,0,1,1,181,16,37,26,28,5,19,27,0,0,65,28,5,20,11,97,102,32,37
rno-miR-1224,0,0,0,0,0,0,0,0,0,0,0,0,0,0,0,0,0,0,0,0,0,0,0,0,0,0,0,0,0,0,0,0,0,0,0,0,0,0,0,0,0,0,0,0,0,0,0,0
rno-miR-122b,0,0,0,0,0,0,0,0,0,0,0,0,0,0,0,0,0,0,0,0,0,0,0,0,0,0,0,0,0,0,0,0,0,0,0,0,0,0,0,0,0,0,0,0,0,0,0,0
rno-miR-124-3p,9,9,3,27,0,0,0,0,0,0,0,15,0,3,60,39,0,0,0,0,0,0,0,0,0,0,3,36,6,0,0,0,0,0,0,3,0,12,18,0,0,0,0,0,0,0,0,0
rno-miR-124-5p,0,0,0,0,0,0,0,0,0,0,0,0,0,3,0,0,0,0,0,0,0,0,0,0,0,0,0,0,0,0,0,0,0,0,0,0,0,3,0,0,0,0,0,0,0,0,0,0
rno-miR-1247-3p,1,1,0,0,0,0,0,0,0,0,0,0,0,0,0,0,0,0,0,0,0,0,1,0,0,0,1,0,0,0,1,0,0,0,0,0,0,0,0,0,0,0,0,0,0,0,0,0
rno-miR-1247-5p,1,1,0,12,1,1,0,4,3,9,2,12,0,2,5,17,36,1,0,5,0,7,5,1,0,0,5,3,2,39,1,0,9,2,3,0,1,0,1,0,3,0,1,1,0,1,3,3
rno-miR-1249,0,0,1,9,2,0,1,0,2,0,1,1,0,0,10,4,1,0,0,1,0,0,0,0,0,0,0,3,0,2,1,0,0,0,1,0,1,0,1,0,0,0,0,0,0,0,0,1
rno-miR-125a-3p,15,7,2,20,2,4,1,13,5,2,7,20,1,1,23,19,2,10,3,8,4,0,3,3,4,0,6,14,4,6,4,1,0,3,1,6,6,6,5,4,6,1,4,1,5,0,1,5
rno-miR-125a-5p,1051,591,841,9026,90,48,454,58,338,88,456,6046,311,771,8666,6668,81,385,48,427,345,161,232,163,816,412,947,5170,975,99,162,154,99,156,197,364,139,1251,1678,154,88,87,42,32,420,113,191,256
rno-miR-125b-1-3p,11,3,14,27,0,0,1,0,0,0,2,38,0,2,21,11,0,0,0,0,3,0,0,0,3,0,12,16,1,0,0,0,0,0,0,1,1,3,7,0,0,0,0,0,0,0,0,1
rno-miR-125b-2-3p,116,46,97,231,3,3,12,4,5,3,7,245,16,24,318,122,2,12,3,9,10,4,5,4,72,22,76,71,67,4,5,0,3,6,3,21,5,97,195,11,3,6,4,3,14,4,4,8
rno-miR-125b-5p,6258,3395,2869,44587,70,30,2003,30,425,48,500,31552,698,3518,38491,36264,86,332,36,128,256,68,80,74,2535,1318,2978,33163,4169,72,102,68,36,124,84,317,90,4201,5476,108,48,50,16,10,220,54,58,110
rno-miR-126a-3p,5350,2667,3707,10887,64,194,551,289,377,151,744,13865,122,2436,27141,8012,102,218,252,218,97,179,579,289,2161,385,2703,5542,2361,208,293,176,222,322,330,467,196,2991,4342,146,209,42,137,95,297,317,178,695
rno-miR-126a-5p,1434,1046,905,3379,129,440,140,572,990,232,1785,5252,118,487,9559,2696,240,364,408,277,121,291,1171,327,791,184,798,1750,818,422,496,437,634,853,491,801,486,666,1264,140,427,130,249,200,515,644,430,1309
rno-miR-126b,0,0,0,0,0,0,0,0,0,0,0,0,0,0,0,0,0,0,0,0,0,0,0,0,0,0,0,0,0,0,0,0,0,0,0,0,0,0,0,0,0,0,0,0,0,0,0,0
rno-miR-127-3p,45,32,43,144,0,2,7,1,2,0,2,155,27,20,202,107,1,2,0,0,3,1,0,0,42,12,40,91,34,0,0,0,0,1,0,1,0,96,291,0,0,0,0,1,2,1,0,0
rno-miR-127-5p,6,0,2,10,0,0,0,0,0,0,0,5,0,2,10,4,0,0,0,0,0,0,0,1,3,4,3,3,5,0,0,0,0,0,0,0,0,11,25,0,0,0,0,0,0,0,0,0
rno-miR-128-1-5p,2,0,0,1,0,1,0,1,0,0,0,0,0,1,3,3,0,3,0,1,1,0,0,1,0,1,2,0,0,0,0,0,0,0,0,0,0,1,0,1,0,0,5,1,1,1,0,2
rno-miR-128-2-5p,0,0,0,3,0,0,0,0,0,0,0,1,0,0,0,0,0,1,0,0,0,0,0,0,0,0,0,0,0,0,0,0,0,0,0,0,0,0,0,0,0,0,0,0,0,0,0,0
rno-miR-128-3p,1143,536,529,3048,916,1689,129,12444,4042,1314,4527,2988,46,382,5785,1644,4539,10110,3204,4476,839,2022,5481,1919,293,118,332,870,407,8288,2716,1902,2302,1226,2356,1441,3136,500,986,1225,3097,403,5928,2238,539,5209,1138,9313
rno-miR-129-1-3p,0,0,0,0,0,0,0,0,0,0,0,1,0,0,0,1,1,0,0,0,0,0,0,0,0,1,0,0,0,0,0,0,0,0,0,0,0,0,0,0,0,0,0,0,0,0,0,1
rno-miR-129-2-3p,0,0,0,0,0,0,0,0,0,0,0,1,0,0,0,0,1,0,0,0,0,0,0,0,0,0,0,0,0,0,0,0,0,0,0,0,0,0,0,0,0,0,0,0,0,0,0,1
rno-miR-129-5p,0,0,0,0,0,0,0,0,0,0,0,0,0,0,2,0,0,0,0,0,0,0,0,0,0,0,0,0,0,0,0,0,0,0,0,2,0,0,4,0,0,0,0,0,0,0,0,0
rno-miR-1297,0,0,0,0,0,0,0,0,0,0,0,0,0,0,0,0,0,0,0,0,0,0,0,0,0,0,0,0,0,0,0,0,0,0,0,0,0,0,0,0,0,0,0,0,0,0,0,0
rno-miR-1298,0,0,0,0,0,0,0,0,0,0,0,0,0,0,0,0,0,0,0,0,0,0,0,0,0,0,0,0,0,0,0,0,0,0,0,0,0,0,0,0,0,0,0,0,0,0,0,0
rno-miR-1306-3p,1,0,0,2,1,0,0,0,1,1,0,3,0,0,8,2,1,1,1,0,0,0,0,1,0,0,0,0,0,0,2,1,0,1,0,0,1,0,0,0,0,0,1,0,1,0,0,2
rno-miR-1306-5p,3,2,0,11,2,1,0,9,2,3,6,2,0,0,9,8,6,7,6,10,0,3,5,3,0,0,1,5,0,12,8,1,5,1,10,2,8,2,2,2,3,2,3,3,2,6,2,6
rno-miR-130a-3p,230,264,97,517,170,170,29,773,511,176,334,556,36,74,895,473,792,674,228,359,130,152,476,99,99,33,111,306,255,1233,328,225,304,270,282,329,261,80,129,119,224,97,320,109,236,320,136,633
rno-miR-130a-5p,0,0,0,2,0,0,0,0,0,0,0,1,0,0,1,2,0,1,0,0,0,0,0,0,0,0,0,1,0,0,0,0,0,0,0,0,0,0,1,0,0,0,0,0,0,0,0,0
rno-miR-130b-3p,11,10,3,26,50,75,1,341,127,54,69,24,0,5,41,33,214,191,108,109,17,53,107,31,4,1,10,19,4,341,137,45,100,84,91,40,135,8,5,33,53,16,148,41,12,117,32,185
rno-miR-130b-5p,0,0,1,2,0,0,0,1,1,0,2,7,0,1,2,4,4,2,0,1,0,2,1,0,0,0,0,2,0,1,3,0,3,0,2,0,2,0,2,2,1,0,0,2,0,2,1,6
rno-miR-132-3p,124,42,23,126,17,17,9,88,17,24,14,232,0,17,126,101,51,77,15,47,12,31,26,21,36,2,19,65,15,114,41,12,40,11,33,18,41,56,85,13,31,10,35,16,25,31,18,66
rno-miR-132-5p,10,6,2,6,0,1,1,0,0,0,0,16,0,4,12,3,1,0,0,0,0,2,0,0,1,0,5,4,2,4,0,0,0,0,0,0,0,8,6,0,1,0,0,0,0,0,0,0
rno-miR-133a-3p,17706,7554,14543,283166,201,116,13760,376,1248,56,2608,99875,1650,12532,421192,123377,16,1611,143,502,2339,227,701,710,21019,3117,17497,44962,10755,19,480,484,131,962,209,4521,178,30272,65648,1005,17,440,768,76,1561,60,529,255
rno-miR-133a-5p,36,30,52,395,2,0,17,1,5,0,11,653,19,101,1194,174,0,3,0,0,1,2,2,2,109,36,73,150,115,0,1,0,1,1,1,7,1,117,175,1,0,0,0,0,1,0,3,0
rno-miR-133b-3p,2231,860,1285,22663,8,3,1164,21,57,7,157,6999,156,940,38566,11239,0,62,3,13,59,5,27,20,1466,288,1415,3928,922,1,30,20,4,25,6,212,10,2332,4241,42,0,11,37,3,66,8,21,19
rno-miR-133b-5p,4,1,2,11,0,0,1,0,0,0,0,28,0,2,27,2,0,0,0,0,0,0,0,0,5,0,2,5,0,0,0,0,0,0,0,0,0,5,10,0,0,0,0,0,0,0,0,0
rno-miR-133c,0,0,0,0,0,0,0,0,0,0,0,0,0,0,0,0,0,0,0,0,0,0,0,0,0,0,0,0,0,0,0,0,0,0,0,0,0,0,0,0,0,0,0,0,0,0,0,0
rno-miR-134-3p,0,0,0,0,0,0,0,0,0,0,0,0,0,0,0,0,0,0,0,0,0,0,0,0,0,0,0,0,0,0,0,0,0,0,0,0,0,0,1,0,0,0,0,0,0,0,0,0
rno-miR-134-5p,2,1,1,8,0,1,0,1,0,1,0,7,0,0,7,5,0,1,0,1,0,1,1,0,1,0,5,14,1,2,3,1,0,0,0,0,1,2,4,1,0,0,0,0,1,0,1,0
rno-miR-135a-3p,0,0,0,0,0,0,0,0,0,0,0,0,0,0,0,0,0,0,0,0,0,0,0,0,1,0,0,0,0,0,0,0,0,0,0,0,0,0,0,0,0,0,0,0,0,0,0,0
rno-miR-135a-5p,2,1,1,0,0,0,0,0,0,0,0,4,0,0,8,2,0,0,0,0,0,0,0,0,1,0,0,0,3,0,0,0,0,0,0,0,0,1,1,0,0,0,0,0,0,0,0,0
rno-miR-135b-3p,0,0,0,0,0,0,0,0,0,0,0,0,0,0,0,0,0,0,0,0,0,0,0,0,0,0,0,0,0,0,0,0,0,0,0,0,0,0,0,0,0,0,0,0,0,0,0,0
rno-miR-135b-5p,0,0,0,2,0,0,1,0,0,0,0,0,0,0,0,0,0,0,0,0,0,0,0,0,0,0,0,0,0,0,0,0,0,0,0,0,0,0,0,0,0,0,0,0,0,0,0,0
rno-miR-136-3p,62,40,31,61,2,1,5,1,1,1,2,108,9,17,178,42,1,3,1,0,4,1,2,0,23,17,31,36,46,0,1,0,2,0,0,6,1,48,201,2,1,1,0,0,2,0,0,0
rno-miR-136-5p,34,20,7,36,0,0,1,0,0,0,0,63,6,19,105,25,0,0,0,0,0,0,0,0,9,4,14,25,16,0,0,0,0,0,0,3,0,23,100,0,0,0,0,0,2,0,0,1
rno-miR-137-3p,0,0,0,2,0,0,0,0,0,0,0,0,0,0,1,2,0,0,0,0,0,0,0,0,1,0,0,0,0,0,0,0,0,0,0,0,0,0,1,0,0,0,0,0,0,0,0,0
rno-miR-137-5p,0,0,0,0,0,0,0,0,0,0,0,0,0,0,0,0,0,0,0,0,0,0,0,0,0,0,0,0,0,0,0,0,0,0,0,0,0,0,0,0,0,0,0,0,0,0,0,0
rno-miR-138-1-3p,0,0,1,1,0,0,0,0,0,1,0,1,0,0,0,1,0,2,0,0,1,1,1,0,0,0,0,0,1,0,1,0,0,0,0,1,0,0,0,1,0,0,0,1,1,1,0,0
rno-miR-138-2-3p,0,0,0,0,0,0,0,0,0,0,0,0,0,0,3,0,0,1,1,2,0,0,0,0,0,0,0,0,0,1,2,0,1,0,0,0,0,0,0,0,2,0,0,2,0,1,0,1
rno-miR-138-5p,76,50,24,105,88,71,6,165,122,43,72,169,7,21,327,115,123,147,58,54,57,29,90,25,26,1,51,66,27,150,74,38,118,54,67,144,64,28,64,30,41,44,57,40,45,77,22,120
rno-miR-139-3p,7,3,5,17,0,1,2,1,0,1,1,19,0,3,21,19,1,3,0,1,0,0,0,0,6,0,0,12,2,0,0,0,0,0,0,0,1,4,6,0,0,0,0,0,0,0,0,1
rno-miR-139-5p,35,20,14,266,5,14,10,15,11,7,15,144,2,14,198,202,7,10,3,7,0,12,5,13,12,2,12,141,9,7,13,2,11,4,21,4,33,3,8,3,3,0,5,2,1,9,3,27
rno-miR-140-3p,2691,1851,1900,14176,1214,1656,675,5418,1672,1117,1530,8216,796,680,14312,15795,1827,5348,1921,2478,1188,1975,2097,1988,1730,873,1656,6609,1972,3120,2684,1072,1556,1388,2027,1865,1966,2354,3571,1673,1412,565,2782,1314,897,2497,823,4639
rno-miR-140-5p,167,210,99,737,1,6,32,28,28,5,69,614,40,69,706,954,45,32,49,6,13,11,34,17,63,51,88,618,214,36,18,24,11,15,22,47,28,66,54,20,20,4,15,12,5,27,9,54
rno-miR-141-3p,5,1,3,17,2,4,1,8,10,8,9,12,0,3,5,2,16,27,4,12,5,13,11,9,2,0,13,0,2,27,13,5,18,6,16,4,15,0,1,14,11,1,3,3,8,13,12,16
rno-miR-141-5p,0,0,0,1,0,0,0,0,0,0,0,0,0,0,0,0,0,0,0,0,0,0,0,0,0,0,1,0,0,0,0,0,0,0,0,0,0,0,0,0,0,0,0,0,0,0,0,0
rno-miR-142-3p,260,488,148,388,9,30,18,56,69,15,24,1012,83,144,661,619,110,39,45,18,11,30,47,17,132,124,266,489,838,107,103,16,45,23,39,23,49,95,195,16,27,3,19,12,6,61,23,92
rno-miR-142-5p,5,11,2,18,5,12,1,53,58,29,48,52,10,8,28,27,69,36,59,23,48,28,48,19,5,11,6,37,36,64,30,27,31,20,28,26,35,3,8,32,19,3,15,15,8,26,4,65
rno-miR-143-3p,10841,7593,9052,22788,109,274,1102,541,602,606,525,33941,7417,3492,30198,7657,136,529,262,1527,425,353,2003,479,10606,6667,9615,6481,13992,224,283,981,456,782,510,1264,491,11729,19934,834,905,155,216,225,3230,842,1912,2610
rno-miR-143-5p,173,79,76,534,0,0,35,0,4,5,5,609,10,80,349,154,1,2,1,7,0,2,5,4,45,15,107,180,127,2,3,3,0,3,0,1,4,96,181,1,1,0,1,0,1,1,3,5
rno-miR-144-3p,195,167,118,136,176,312,6,203,372,202,1236,687,25,162,199,239,111,433,1000,192,317,530,513,537,53,45,76,201,248,201,209,567,231,606,436,708,362,59,54,812,272,167,201,391,214,279,91,393
rno-miR-144-5p,165,98,202,133,12,40,9,31,25,18,41,599,9,86,530,255,15,39,92,21,28,45,55,31,132,18,101,131,128,41,67,38,56,34,45,56,16,225,470,113,36,15,21,51,30,42,37,78
rno-miR-145-3p,181,134,158,456,1,1,26,5,9,3,15,512,12,101,857,203,2,4,2,21,12,1,60,4,164,35,163,141,144,7,5,23,10,11,5,28,5,257,459,12,9,5,0,3,55,9,38,49
rno-miR-145-5p,1858,1483,701,13226,106,288,634,394,558,612,363,4361,184,897,12975,5962,244,271,319,715,78,230,949,221,611,237,705,3056,1005,457,324,504,488,574,442,391,316,670,1399,92,384,75,112,103,576,370,525,907
rno-miR-146a-3p,0,0,0,0,0,0,0,2,0,0,6,6,0,1,4,1,1,0,0,1,0,0,0,2,0,1,0,6,0,1,0,2,1,1,0,1,1,0,1,0,1,0,0,0,0,1,0,0
rno-miR-146a-5p,259,114,348,1059,59,60,50,116,142,94,139,1558,35,251,1062,766,206,461,68,218,274,344,157,255,336,95,338,997,361,237,315,103,168,96,243,399,193,575,535,347,187,59,98,61,239,243,109,495
rno-miR-146b-3p,0,0,0,0,0,0,0,0,0,0,0,0,0,0,0,0,0,0,0,1,1,1,0,0,0,0,0,0,0,0,0,0,0,0,0,0,0,1,0,0,0,0,0,0,0,0,0,0
rno-miR-146b-5p,95,71,80,260,5,11,18,22,11,5,18,404,16,33,359,237,33,40,25,20,34,22,38,24,84,39,78,173,122,51,15,17,19,10,14,62,14,90,174,160,26,16,20,28,32,33,17,54
rno-miR-147,12,8,2,6,2,3,0,2,3,2,2,23,2,4,11,5,8,0,3,3,0,2,2,2,4,0,8,8,16,4,3,0,3,1,1,1,2,5,6,0,2,2,1,1,2,0,5,7
rno-miR-148a-3p,904,927,1241,2548,58,154,131,485,278,122,467,4559,1228,333,5145,2354,240,593,207,286,155,166,456,293,1647,727,990,1839,2192,514,218,212,168,140,194,535,383,1595,2979,626,286,85,416,240,237,566,174,1221
rno-miR-148a-5p,21,20,18,30,0,0,3,3,0,0,0,54,56,8,89,30,1,0,3,1,1,1,3,0,42,12,25,19,38,3,2,0,1,0,0,2,1,47,107,4,1,0,4,1,2,1,0,4
rno-miR-148b-3p,29,27,27,99,7,12,4,25,30,12,66,154,18,24,221,73,17,49,16,20,9,16,37,11,33,17,13,55,66,53,19,13,19,15,17,30,19,24,42,41,17,5,16,19,19,37,7,50
rno-miR-148b-5p,2,2,2,9,0,2,0,4,0,2,3,13,0,0,16,2,4,2,2,3,1,1,4,2,2,1,4,2,5,5,2,4,4,1,2,4,3,3,12,0,3,1,1,2,2,1,1,5
rno-miR-149-3p,0,0,0,0,0,0,0,0,0,0,0,0,0,0,0,0,0,0,0,0,0,0,0,0,0,0,0,0,0,0,0,0,0,0,0,0,0,0,0,0,0,0,0,0,0,0,0,0
rno-miR-149-5p,303,137,92,2121,4,11,101,3,20,5,24,707,21,111,1796,1549,3,13,3,2,4,5,10,22,70,16,67,923,131,1,15,6,3,14,4,17,10,72,229,4,3,6,3,2,7,4,7,16
rno-miR-150-3p,6,1,5,14,9,25,2,61,41,38,10,14,0,2,9,5,26,46,11,26,8,32,13,30,3,0,1,6,4,26,62,10,26,14,52,4,28,6,4,8,21,0,32,5,4,42,21,68
rno-miR-150-5p,166,88,197,2618,43,233,134,393,997,156,584,2001,23,219,2069,1594,496,548,120,372,126,717,261,589,152,63,145,1379,209,337,779,128,351,250,606,256,722,289,467,281,385,28,246,136,119,708,224,1448
rno-miR-151-3p,53,21,43,328,4,16,14,35,19,13,29,190,18,21,235,193,24,64,19,44,15,20,20,38,35,10,58,161,27,29,21,19,12,16,24,44,43,66,96,43,23,7,46,31,23,38,20,65
rno-miR-151-5p,199,122,134,760,4,2,39,10,18,9,26,1093,13,114,689,440,21,18,4,10,7,12,13,3,55,19,41,570,150,16,18,12,5,2,6,8,13,51,157,8,3,4,5,3,3,13,2,17
rno-miR-152-3p,515,383,363,1596,24,31,93,34,91,20,123,1818,43,160,2015,1224,38,99,15,45,97,25,71,29,289,101,248,1126,486,50,46,38,26,50,20,149,62,432,751,59,26,23,16,8,98,37,43,98
rno-miR-152-5p,7,6,5,5,0,0,0,0,0,0,0,15,0,5,17,9,0,1,0,1,0,0,1,0,4,0,6,8,6,1,0,1,1,1,0,1,1,6,23,0,0,1,0,0,1,1,0,0
rno-miR-153-3p,0,0,0,1,0,0,0,0,0,0,0,0,0,0,0,1,0,0,0,0,0,0,1,0,0,1,0,0,0,0,0,0,1,0,0,0,1,0,0,0,0,0,0,0,0,0,0,0
rno-miR-153-5p,0,0,0,0,0,0,0,0,0,0,0,2,0,0,1,0,0,0,0,0,0,0,0,0,0,0,0,0,0,0,0,0,0,0,0,0,0,0,0,0,0,0,0,0,0,0,0,0
rno-miR-154-3p,0,0,1,2,0,0,0,0,0,0,0,0,0,0,2,1,0,0,0,0,0,0,0,0,0,0,0,0,2,0,0,0,0,0,0,0,0,0,0,0,0,0,0,0,0,0,0,0
rno-miR-154-5p,5,3,3,3,0,0,0,0,0,0,0,7,1,1,7,6,0,0,0,0,0,0,0,0,1,0,0,6,1,0,0,0,1,0,0,0,0,0,0,0,0,0,0,0,0,0,0,0
rno-miR-155-3p,0,0,0,0,0,0,0,0,0,0,0,0,0,0,1,0,0,0,0,0,0,0,0,0,0,0,0,0,0,0,0,0,0,0,0,0,0,0,0,0,0,0,0,0,0,0,0,0
rno-miR-155-5p,22,16,17,31,4,2,4,8,2,4,2,33,0,9,79,28,7,5,2,4,0,6,9,4,11,1,18,20,4,10,4,1,9,5,10,2,1,18,31,10,7,1,4,4,2,8,7,21
rno-miR-15a-3p,1,0,0,0,0,0,0,0,3,2,3,3,0,0,2,2,0,2,5,0,0,4,0,0,0,0,2,1,0,0,0,1,1,0,0,2,2,0,0,0,0,0,0,0,1,0,0,0
rno-miR-15a-5p,1243,878,450,2811,423,685,156,1378,1052,496,2180,3265,24,369,4484,2543,793,1089,1803,594,315,633,1519,551,373,64,490,1968,569,1152,691,1055,917,1111,1064,1206,1160,303,691,837,736,335,779,872,460,928,317,1652
rno-miR-15b-3p,7,5,3,12,4,5,2,11,19,6,49,16,0,2,34,20,15,15,16,8,10,18,35,6,2,0,2,12,0,23,12,16,13,12,7,12,21,2,4,14,20,7,8,12,9,13,7,28
rno-miR-15b-5p,25,14,6,66,14,38,4,113,153,20,351,107,0,9,70,72,403,152,79,61,25,76,100,48,5,1,7,120,13,172,159,74,66,72,91,76,279,8,6,84,76,19,61,68,51,105,28,139
rno-miR-16-3p,3,5,4,9,0,2,1,6,4,0,12,16,0,1,26,15,3,6,9,1,2,1,10,3,1,0,7,6,6,10,2,5,2,3,2,1,5,1,5,9,6,0,3,2,2,2,2,4
rno-miR-16-5p,5607,4351,3280,19634,2201,3591,986,6243,5100,4489,15831,19499,65,2239,26069,15327,6526,5791,10945,4569,2069,5792,10305,4178,1910,254,2696,13107,2357,8714,6149,5865,5974,4934,6764,9101,6906,1860,3685,8190,5398,1453,2865,5312,3284,5720,2439,10432
rno-miR-17-1-3p,18,14,22,33,2,0,1,8,7,3,33,169,0,10,36,35,10,6,6,5,0,3,6,3,16,5,23,31,25,8,6,1,2,2,6,5,11,27,18,12,7,0,6,6,2,3,1,13
rno-miR-17-2-3p,3,0,1,2,0,0,0,4,2,2,1,5,0,0,1,5,0,1,0,2,0,0,1,0,0,0,0,0,0,0,2,2,1,1,0,0,0,0,1,0,0,0,2,2,0,2,0,3
rno-miR-17-5p,59,80,69,173,154,300,11,1425,639,228,823,343,4,50,370,319,1002,1151,710,617,112,293,930,181,44,16,67,159,90,1443,358,451,474,325,325,461,691,44,56,312,454,128,653,370,174,816,134,1228
rno-miR-181a-1-3p,143,74,94,170,1,4,11,7,6,3,1,305,59,31,172,164,1,5,2,4,5,4,3,8,103,63,107,103,159,7,8,2,1,1,2,9,6,116,204,6,3,1,4,3,2,1,6,14
rno-miR-181a-2-3p,17,8,9,43,0,1,1,2,0,0,3,32,3,4,58,17,0,2,2,1,2,0,1,0,9,3,11,13,10,2,0,0,0,1,2,5,0,11,31,5,0,0,2,2,1,1,3,1
rno-miR-181a-5p,21437,11392,13313,46369,352,640,2386,1241,996,432,708,39505,842,4322,69312,59910,268,982,642,478,777,493,895,833,8132,1855,7676,26239,8559,558,536,348,572,628,678,1450,608,15439,38472,594,514,232,729,340,830,905,470,2216
rno-miR-181b-1-3p,0,1,0,0,0,0,0,0,0,0,0,3,0,1,0,1,0,0,0,0,0,0,0,0,1,0,0,0,0,0,0,0,0,0,0,0,1,0,1,0,0,0,0,0,0,0,0,0
rno-miR-181b-2-3p,0,0,0,0,0,0,0,0,0,0,0,0,0,0,0,0,0,0,0,0,0,0,0,0,0,0,0,0,0,0,0,0,0,0,0,0,0,0,0,0,0,0,0,0,0,0,0,0
rno-miR-181b-5p,4074,1929,2600,8770,58,137,467,262,167,99,216,8106,102,884,11302,8974,48,233,197,91,182,112,214,171,1604,211,1204,5306,1194,125,121,98,98,97,120,352,156,3017,9609,201,108,52,221,125,178,131,78,430
rno-miR-181c-3p,37,26,23,44,1,2,2,29,5,10,12,65,5,4,30,36,9,23,12,5,1,9,17,17,9,9,18,21,30,8,1,8,1,0,6,3,10,20,32,8,5,0,7,5,0,14,2,20
rno-miR-181c-5p,292,197,158,672,14,21,29,110,62,21,94,519,14,67,974,780,44,34,83,23,4,15,210,32,116,42,100,302,192,72,25,42,46,21,27,117,31,183,464,62,73,6,43,38,20,111,16,196
rno-miR-181d-3p,0,0,0,0,0,0,0,1,0,1,0,0,0,0,1,0,0,0,0,0,0,0,0,0,0,0,0,0,0,2,0,0,0,2,0,0,0,0,1,0,0,0,0,0,0,0,0,0
rno-miR-181d-5p,383,189,215,664,18,45,40,245,83,25,105,699,14,72,890,565,72,174,116,98,55,57,203,76,170,23,125,383,120,190,70,61,88,42,85,157,59,310,840,158,133,9,144,93,42,161,69,388
rno-miR-182,6,0,4,24,1,2,2,4,4,1,0,19,3,5,47,9,6,2,4,2,3,2,4,2,7,3,14,2,5,5,3,2,5,4,4,1,1,7,24,5,2,1,3,2,3,5,5,11
rno-miR-183-3p,1,0,0,0,0,0,0,0,0,2,0,0,0,0,0,0,3,0,0,0,0,0,0,0,0,0,0,0,0,0,1,0,0,0,0,0,0,0,0,1,1,0,0,0,0,0,0,1
rno-miR-183-5p,6,1,3,12,1,1,1,1,2,1,0,13,9,3,31,6,2,6,1,1,2,2,2,3,6,0,7,4,3,2,3,0,6,2,1,3,0,7,23,4,2,2,3,1,0,1,2,12
rno-miR-1839-3p,0,2,0,6,1,2,0,5,4,1,3,7,0,1,6,1,5,4,4,2,1,3,6,0,0,0,1,2,1,6,2,3,6,2,2,2,3,1,3,2,1,2,2,1,2,3,0,6
rno-miR-1839-5p,29,15,47,141,5,3,11,38,21,16,34,182,7,22,192,79,20,81,39,43,32,32,43,28,22,9,34,61,38,35,23,16,24,14,22,45,14,49,88,57,27,7,28,25,26,41,22,68
rno-miR-184,1,0,0,2,0,0,0,0,0,1,0,2,0,0,1,5,2,1,0,0,0,0,2,1,0,0,0,0,0,1,0,0,0,0,0,0,0,0,0,1,3,0,0,0,0,0,0,0
rno-miR-1843a-3p,24,11,23,115,2,1,8,7,2,1,6,76,20,8,140,67,3,7,2,7,1,2,4,3,16,5,10,48,22,2,0,3,5,1,1,5,4,14,58,2,4,1,10,2,6,4,4,12
rno-miR-1843a-5p,104,44,85,196,3,4,10,8,2,5,10,226,12,36,244,88,3,11,1,3,4,6,9,7,85,15,72,62,73,6,6,4,4,6,4,23,1,117,158,12,4,3,3,4,13,1,6,7
rno-miR-1843b-3p,0,0,1,13,0,0,1,1,0,0,0,1,0,0,17,4,0,1,0,0,0,0,0,0,0,0,0,0,0,0,0,0,0,0,0,0,0,1,3,0,0,0,0,0,1,0,0,0
rno-miR-1843b-5p,40,19,34,67,1,3,4,7,2,3,5,90,6,17,81,23,2,7,0,1,2,4,5,2,27,5,25,24,25,1,5,4,0,4,0,9,1,37,50,6,3,2,2,4,8,1,2,5
rno-miR-185-3p,0,0,0,0,0,0,0,0,0,0,0,0,0,0,0,0,0,0,0,0,0,0,0,0,0,0,0,0,0,0,0,0,0,0,0,0,0,0,0,0,0,0,0,0,0,0,0,0
rno-miR-185-5p,15,5,10,21,1,3,0,26,33,13,40,38,1,7,45,19,66,52,35,17,19,10,47,16,4,0,5,19,8,49,19,18,16,19,15,37,45,24,10,54,10,4,19,15,20,30,6,60
rno-miR-186-3p,0,0,0,1,0,0,0,0,0,0,0,1,0,0,0,0,0,1,0,0,1,0,0,0,0,0,0,0,0,0,1,0,0,2,0,0,0,0,0,0,0,0,0,1,0,1,0,2
rno-miR-186-5p,183,167,217,588,4,15,33,18,12,7,22,928,69,170,1075,392,26,26,37,19,15,18,39,11,255,90,292,220,265,44,26,16,21,6,27,47,14,432,408,51,25,9,18,32,7,30,9,47
rno-miR-187-3p,2,0,1,6,4,2,1,2,3,4,0,3,0,0,12,4,5,3,2,2,1,3,3,2,2,0,0,2,0,5,2,0,6,1,1,0,1,0,1,1,1,1,1,2,3,0,0,6
rno-miR-187-5p,0,0,0,0,1,3,0,1,1,0,0,0,0,0,0,0,0,1,0,1,0,1,0,0,0,0,0,0,0,0,1,1,0,0,1,0,0,0,0,0,0,1,0,0,1,1,0,1
rno-miR-188-3p,0,0,0,0,0,0,0,0,0,0,0,2,0,0,0,0,0,0,0,0,0,0,0,0,0,0,0,0,0,0,0,0,0,0,0,0,0,0,0,0,0,0,0,0,0,0,0,0
rno-miR-188-5p,0,2,0,5,1,1,0,9,1,2,3,4,0,0,1,2,4,4,3,2,1,1,0,3,1,0,0,0,2,6,8,0,3,1,2,1,3,0,1,1,0,0,1,2,2,1,0,0
rno-miR-1896,0,0,0,0,0,0,0,0,0,0,0,0,0,0,0,0,0,0,0,0,0,0,0,0,0,0,0,0,0,0,0,0,0,0,0,0,0,0,0,0,0,0,0,0,0,0,0,0
rno-miR-18a-3p,1,0,1,6,0,0,0,2,2,2,5,2,0,0,5,7,2,3,5,2,1,1,4,0,2,1,0,3,0,0,2,1,0,1,0,2,1,0,2,0,0,0,1,1,2,3,1,1
rno-miR-18a-5p,13,12,6,19,3,11,0,41,36,10,67,37,2,4,21,26,44,43,37,38,3,13,31,13,2,2,7,14,14,54,18,31,26,18,14,20,25,3,4,13,14,4,11,14,4,23,5,31
rno-miR-190a-3p,0,0,0,0,0,0,0,2,0,0,0,2,2,0,6,2,0,0,0,0,0,0,0,0,0,0,2,0,0,0,0,0,0,0,0,0,0,0,0,0,2,0,0,0,0,0,0,0
rno-miR-190a-5p,218,126,84,300,0,0,4,0,2,0,4,402,14,86,952,140,0,0,0,0,0,0,0,0,132,36,130,150,114,2,0,0,0,2,0,2,0,192,224,0,0,0,0,0,2,0,4,0
rno-miR-190b-3p,0,0,0,0,0,0,0,0,0,0,0,0,0,0,0,0,0,0,0,0,0,0,0,0,0,0,0,0,0,0,0,0,0,0,0,0,0,0,0,0,0,0,0,0,0,0,0,0
rno-miR-190b-5p,24,20,18,35,3,0,2,4,3,0,2,43,1,4,43,29,3,1,7,3,1,3,8,4,19,2,22,12,10,3,0,1,1,3,1,13,4,33,26,11,2,2,2,4,4,10,3,6
rno-miR-1912-3p,0,0,0,0,0,0,0,0,0,0,0,0,0,0,0,0,0,0,0,0,0,0,0,0,0,0,0,0,0,0,0,0,0,0,0,0,0,0,0,0,0,0,0,0,0,0,0,0
rno-miR-1912-5p,0,0,0,0,0,0,0,0,0,0,0,0,0,0,0,0,0,0,0,0,0,0,0,0,0,0,0,0,0,0,0,0,0,0,0,0,0,0,0,0,0,0,0,0,0,0,0,0
rno-miR-191a-3p,4,6,15,21,2,8,1,39,13,9,20,38,0,4,25,18,21,33,10,34,12,7,18,12,3,1,8,19,7,41,13,12,13,4,5,19,13,10,16,18,14,6,26,23,4,31,11,60
rno-miR-191a-5p,3460,1719,2455,7001,2765,4923,355,38614,9276,4530,9382,10524,180,1498,10815,6860,15351,37441,9724,23788,4582,10599,16578,8433,2031,466,2464,4378,2036,27397,11601,8452,10984,4894,13118,7298,14413,2905,4504,7241,13597,2052,21071,10813,3267,23033,5395,42203
rno-miR-191b,0,0,2,0,0,0,0,2,1,0,0,0,0,0,1,1,1,2,0,3,0,0,4,1,0,0,0,0,0,1,0,0,0,1,1,0,0,0,0,1,2,0,3,3,0,2,0,4
rno-miR-192-3p,0,1,0,1,3,4,0,8,15,9,2,1,0,0,0,0,24,6,6,2,0,9,3,0,0,0,0,0,0,23,5,6,14,6,4,0,2,0,0,0,3,2,0,0,4,5,2,1
rno-miR-192-5p,8,2,12,22,116,132,4,237,449,266,111,57,6,8,25,20,1487,517,118,756,27,1235,506,247,15,3,5,20,13,2579,691,312,985,343,793,113,327,13,29,171,632,115,209,216,395,651,623,917
rno-miR-193a-3p,72,46,11,126,5,6,8,7,44,13,12,182,7,43,93,76,53,24,3,16,17,18,12,7,8,9,20,88,67,46,11,7,6,15,6,21,4,9,35,6,6,3,5,3,11,6,4,8
rno-miR-193a-5p,6,1,4,9,0,1,0,1,0,0,0,15,0,3,28,14,4,1,0,1,2,1,1,0,5,0,5,7,2,12,1,2,0,0,0,1,0,7,5,1,0,0,1,1,1,3,2,2
rno-miR-193b-3p,15,13,13,224,24,15,8,19,47,15,107,84,0,17,168,245,52,44,36,24,14,32,27,8,8,4,9,101,14,74,22,38,33,38,31,54,11,0,23,38,24,10,16,19,24,17,16,24
rno-miR-193b-5p,0,0,0,1,0,0,0,1,1,0,0,2,0,0,2,1,2,0,1,0,0,0,2,0,0,0,0,0,0,2,2,1,0,1,0,1,0,0,0,0,0,0,0,1,0,2,0,2
rno-miR-194-3p,1,0,1,1,0,0,0,0,0,0,0,1,0,0,0,0,0,0,0,0,0,0,0,0,0,0,0,2,0,1,0,2,0,0,0,0,0,1,1,1,0,0,1,0,0,0,0,0
rno-miR-194-5p,0,2,0,3,0,0,0,0,2,1,0,10,0,0,7,3,6,0,0,0,1,4,0,0,1,0,0,4,2,6,1,1,0,1,2,0,2,2,0,0,0,0,0,0,2,0,2,2
rno-miR-1949,59,84,47,104,4,0,6,0,0,1,1,189,3,29,104,88,1,0,1,0,1,0,7,6,37,25,40,47,54,7,15,0,2,0,1,18,2,29,41,21,7,1,0,1,3,5,1,2
rno-miR-195-3p,23,14,22,89,1,0,5,1,4,0,1,51,5,4,64,61,0,0,0,0,0,1,3,1,4,5,14,32,20,1,0,1,0,0,1,2,1,18,28,0,1,1,1,0,4,0,0,3
rno-miR-195-5p,173,183,124,876,0,2,41,3,4,2,13,1107,20,100,929,674,2,12,0,7,8,1,6,4,119,58,60,1109,191,3,2,0,3,2,2,13,2,53,107,3,0,1,0,1,16,0,3,4
rno-miR-1956-3p,0,0,0,0,0,0,0,0,0,0,0,0,0,0,0,0,0,0,0,0,0,0,0,0,0,0,0,0,0,0,0,0,0,0,0,0,0,0,0,0,0,0,0,0,0,0,0,0
rno-miR-1956-5p,0,0,1,1,0,0,0,2,0,0,1,0,0,0,0,0,0,0,0,0,0,0,0,1,0,0,0,0,0,3,0,1,0,0,0,0,0,0,1,2,0,0,0,0,1,0,1,0
rno-miR-196a-3p,0,0,0,0,0,0,0,0,0,0,0,0,0,0,0,0,0,0,0,0,0,0,0,0,0,0,0,0,0,0,0,0,0,0,0,0,0,0,0,0,1,0,0,0,0,0,0,0
rno-miR-196a-5p,3,2,4,20,0,0,1,1,0,0,0,15,0,2,15,57,0,1,0,0,0,1,0,1,14,1,10,11,3,0,0,0,1,0,1,0,1,4,16,0,3,0,2,0,1,1,0,6
rno-miR-196b-3p,2,0,2,2,0,0,0,0,0,0,0,4,0,0,4,0,0,0,0,0,0,0,0,0,0,2,0,0,4,0,0,0,0,0,0,0,0,0,0,0,0,0,0,0,0,0,0,0
rno-miR-196b-5p,6214,2976,4748,12696,6,4,620,22,16,14,20,15566,72,1820,12444,7364,14,42,22,10,20,12,26,12,2248,302,3640,7602,1830,26,10,2,10,4,24,12,28,4440,4548,16,16,2,24,10,14,14,14,38
rno-miR-196c-3p,0,0,0,0,0,0,0,0,0,0,0,0,0,0,0,0,1,0,0,2,0,1,0,0,0,0,0,1,0,0,0,0,0,0,0,0,1,0,0,0,0,0,0,0,1,0,0,0
rno-miR-196c-5p,1194,499,840,2114,1,0,119,3,4,5,1,2550,10,286,2701,1402,3,7,6,2,4,2,5,1,386,46,639,1397,330,4,1,0,1,1,0,2,5,990,750,3,1,0,8,2,5,6,3,9
rno-miR-199a-3p,585,398,1127,4064,0,5,206,6,43,8,133,10700,355,685,3981,3259,2,56,5,26,32,12,23,52,742,483,550,7180,1637,6,13,17,3,11,9,78,46,1470,1912,33,12,6,2,2,48,10,14,44
rno-miR-199a-5p,3931,2433,1168,8004,9,20,419,9,30,25,28,9077,294,854,9263,6969,2,36,11,15,15,5,21,21,1130,577,1580,6018,2192,6,16,12,9,16,13,58,28,1160,2020,9,6,3,2,3,22,9,6,34
rno-miR-19a-3p,306,283,369,468,151,224,27,1155,557,197,1304,1663,43,186,1596,765,995,1566,875,947,430,595,1531,648,450,139,545,455,760,1666,688,787,787,448,656,1491,997,605,1011,1649,1086,231,1022,963,553,1642,466,2796
rno-miR-19a-5p,2,1,4,2,2,4,0,19,9,4,8,5,0,3,4,5,8,10,9,3,1,3,17,6,1,1,0,2,1,22,7,3,4,3,3,13,6,0,1,6,5,3,7,5,4,6,2,12
rno-miR-19b-1-5p,0,0,0,0,0,0,0,0,0,0,0,1,0,0,1,0,0,0,0,0,0,0,0,0,0,0,0,0,0,0,0,0,0,0,0,0,0,0,0,0,0,0,0,0,0,0,0,0
rno-miR-19b-2-5p,0,0,0,0,0,0,0,0,0,0,0,0,0,0,0,0,0,0,0,0,0,0,0,0,0,0,0,0,0,0,0,0,0,0,0,0,0,0,0,0,0,0,0,0,0,0,0,0
rno-miR-19b-3p,2640,2303,2324,3863,1300,1970,186,10286,4408,1774,8568,11310,284,1214,12521,5504,7398,11468,6228,6694,2888,3974,11390,4378,3118,1012,3316,3161,4880,11447,4607,4968,5774,3406,4748,9100,6608,4084,7466,9702,7580,1762,8178,6336,3632,11620,3274,19660
rno-miR-1b,1177,792,1964,2559,0,2,110,1,5,3,21,5614,1595,790,9612,1083,0,5,3,3,25,4,20,7,2311,392,1470,1101,1112,0,1,1,0,4,1,53,1,10300,3459,27,0,3,3,0,54,5,11,15
rno-miR-200a-3p,8,4,3,30,42,27,1,28,40,45,31,6,0,2,1,2,47,177,19,26,124,59,47,40,0,1,18,2,1,63,53,33,55,18,56,134,44,0,13,106,37,43,13,18,206,39,18,71
rno-miR-200a-5p,0,0,0,0,0,1,0,0,1,1,0,0,0,0,0,0,0,2,0,1,1,1,0,0,0,0,0,0,0,2,0,1,1,2,1,1,0,0,0,0,0,1,0,0,1,0,0,3
rno-miR-200b-3p,1,0,1,13,3,0,1,3,1,2,0,3,0,1,0,0,3,7,0,3,1,2,1,0,0,0,3,0,0,6,1,0,1,0,1,8,1,0,2,4,1,0,0,0,7,3,1,4
rno-miR-200b-5p,0,0,0,0,1,3,0,0,3,1,1,0,0,0,0,0,0,2,0,4,0,4,1,1,0,0,0,0,0,3,3,3,2,0,4,1,2,0,0,2,1,2,1,0,3,3,3,5
rno-miR-200c-3p,5,2,5,36,4,1,1,5,6,1,7,10,0,4,7,4,7,10,4,5,3,6,13,4,6,0,6,5,0,16,3,1,9,1,8,4,5,1,9,4,12,1,2,2,10,6,9,14
rno-miR-200c-5p,0,0,0,0,0,0,0,0,0,0,0,0,0,0,0,0,0,0,0,0,0,0,0,0,0,0,0,0,0,0,0,0,0,0,0,0,0,0,0,0,0,0,0,0,0,0,0,0
rno-miR-201-3p,0,0,0,0,0,0,0,0,0,0,0,1,0,0,0,1,0,0,0,0,0,0,0,0,0,0,0,0,0,0,0,0,0,0,0,0,0,0,0,0,0,0,0,0,0,0,0,0
rno-miR-201-5p,2,3,0,20,0,0,0,0,0,0,2,5,0,1,11,3,0,0,0,0,2,0,1,0,0,0,0,3,1,0,0,1,0,1,2,5,0,0,0,2,1,0,0,0,2,0,0,0
rno-miR-202-3p,0,0,0,0,0,0,0,0,0,0,0,0,0,0,0,0,0,0,0,0,0,0,0,0,0,0,0,0,0,0,0,0,0,0,0,0,0,0,0,0,0,0,0,0,0,0,0,0
rno-miR-202-5p,0,0,0,0,0,0,0,0,0,0,0,0,0,0,0,0,0,0,0,0,0,0,0,0,0,0,0,0,0,0,0,0,0,0,0,0,0,0,0,0,0,0,0,0,0,0,0,0
rno-miR-203a-3p,439,103,160,1301,65,146,52,170,137,152,61,535,13,248,352,166,171,258,127,161,81,267,177,154,244,38,1325,142,164,375,131,76,186,113,160,115,149,184,776,73,167,42,121,75,165,195,152,453
rno-miR-203a-5p,0,0,0,0,0,0,0,0,0,0,0,1,0,0,0,0,0,0,0,0,0,0,0,0,0,0,0,0,1,2,0,0,0,0,0,0,0,0,0,0,1,0,0,0,0,0,0,0
rno-miR-203b-3p,5,2,6,9,0,1,0,0,2,2,0,22,1,4,14,2,5,1,0,1,3,6,3,3,8,3,7,9,8,11,0,2,4,0,1,4,0,10,11,3,3,0,2,0,3,3,3,5
rno-miR-203b-5p,0,0,0,0,0,0,0,0,0,0,0,0,0,0,0,0,0,0,0,0,0,0,0,0,0,0,0,0,0,0,0,0,0,0,0,0,0,0,0,0,0,0,0,0,0,0,0,0
rno-miR-204-3p,2,3,2,6,0,0,0,0,2,4,0,4,0,1,10,3,0,0,0,0,0,1,0,0,1,0,0,5,0,0,0,1,0,0,0,1,0,2,2,0,0,0,0,0,2,0,2,1
rno-miR-204-5p,62,20,11,186,2,0,8,0,0,0,0,116,3,21,346,157,0,0,0,0,1,1,1,0,10,4,16,82,16,0,0,0,2,0,0,1,1,15,44,0,1,0,0,0,1,0,1,1
rno-miR-205,225,58,102,1069,3,8,46,13,34,7,21,409,30,101,1539,685,28,12,4,4,6,10,8,14,126,26,184,327,118,55,15,4,11,6,15,4,29,121,247,3,9,0,3,3,3,17,4,32
rno-miR-206-3p,110,35,156,283,0,0,13,0,1,0,0,514,32,80,598,99,0,1,0,0,1,0,0,0,157,19,122,146,57,0,0,0,0,0,0,4,0,683,258,1,0,0,0,0,8,0,2,2
rno-miR-206-5p,0,0,1,2,0,0,0,0,0,0,0,0,0,0,1,0,0,0,0,0,0,0,0,0,0,0,0,0,0,0,0,0,0,0,0,0,0,0,0,0,0,0,0,0,0,0,0,0
rno-miR-207,0,0,0,0,0,0,0,0,0,0,0,0,0,1,0,0,0,0,0,0,0,0,0,0,0,0,0,0,0,0,0,0,0,0,0,0,0,0,0,0,0,0,0,0,0,0,0,0
rno-miR-208a-3p,0,0,0,0,0,1,0,0,11,0,14,0,0,0,0,2,0,2,0,1,1,2,1,5,0,0,0,0,0,0,8,0,0,5,0,9,0,0,0,1,0,0,0,1,1,0,1,0
rno-miR-208a-5p,0,0,0,0,0,0,0,0,4,0,4,0,0,0,0,0,0,0,1,0,1,1,0,0,0,0,0,0,0,0,0,0,0,2,0,0,0,0,0,0,0,0,0,1,0,0,0,0
rno-miR-208b-3p,49,23,38,131,1,0,4,0,12,2,49,174,8,34,355,57,0,2,7,0,2,2,26,6,23,6,38,17,34,0,0,6,2,8,1,10,0,39,91,5,0,3,3,2,16,0,9,2
rno-miR-208b-5p,0,1,3,7,0,0,0,0,0,0,0,10,0,1,27,2,0,0,0,0,0,0,0,0,2,0,3,1,0,0,0,0,0,0,0,0,0,3,8,0,0,0,0,0,0,0,0,0
rno-miR-20a-3p,5,3,1,5,0,1,0,0,1,0,2,5,0,0,7,7,2,1,0,0,0,0,2,1,0,0,1,6,4,1,0,0,0,0,1,0,1,1,4,0,0,1,0,1,0,0,0,1
rno-miR-20a-5p,53,50,37,107,47,103,7,519,332,97,438,199,4,30,216,202,511,497,274,239,50,155,354,79,39,5,43,147,50,635,190,222,184,131,160,223,327,18,31,130,165,31,239,147,64,329,59,487
rno-miR-20b-3p,0,2,0,0,0,0,0,0,1,0,0,1,0,1,3,0,1,0,0,0,1,0,1,0,0,0,2,1,0,0,1,0,1,1,0,1,0,0,0,0,0,0,0,0,0,2,0,0
rno-miR-20b-5p,3,2,1,7,4,1,0,19,9,4,9,5,0,1,9,11,15,17,7,6,1,4,8,3,0,0,0,5,2,28,7,5,7,7,7,4,13,1,1,7,4,0,8,5,1,6,3,23
rno-miR-21-3p,44,17,15,18,7,2,0,16,5,15,6,85,7,14,31,15,17,35,15,13,5,7,5,12,21,8,23,6,64,22,9,7,8,8,15,3,11,11,25,5,9,3,15,1,3,7,3,19
rno-miR-21-5p,9681,5561,8411,14872,1540,1990,744,5041,2824,3669,2441,37857,443,3073,17482,10872,4167,4741,1964,4763,2242,4343,3991,2288,5433,1117,6202,10950,5183,6750,4312,1986,3075,1894,3784,3990,4079,7289,8947,3859,3197,838,2588,1691,3332,4732,2463,6660
rno-miR-210-3p,392,202,176,1017,115,145,45,958,311,134,390,909,16,169,885,956,449,789,208,325,46,170,183,262,146,17,205,558,151,693,282,125,157,161,236,192,529,232,209,122,167,54,421,165,115,319,76,656
rno-miR-210-5p,0,1,1,20,0,0,0,4,1,0,2,5,0,1,15,11,2,2,1,0,0,1,4,0,0,0,2,5,0,0,2,2,1,1,1,2,1,0,0,1,1,0,0,0,0,3,0,3
rno-miR-211-3p,0,0,0,0,0,0,0,0,0,0,0,0,0,0,0,0,0,0,0,0,0,0,0,0,0,0,0,0,1,0,0,0,0,0,0,0,0,0,0,0,0,0,0,0,0,0,0,0
rno-miR-211-5p,2,1,0,9,0,0,0,0,0,0,0,2,0,0,7,5,0,0,0,0,0,0,0,0,1,0,0,3,2,0,0,0,0,0,0,0,0,0,1,0,0,0,0,0,0,0,0,0
rno-miR-212-3p,5,4,2,6,2,1,0,11,9,2,2,12,0,0,9,4,12,1,3,5,1,2,5,2,0,1,0,4,4,11,2,1,4,5,6,0,5,1,3,1,4,0,3,2,0,3,1,11
rno-miR-212-5p,2,3,0,2,0,0,0,0,0,0,0,2,0,0,3,2,0,0,0,0,0,0,0,0,1,0,1,0,1,0,0,0,0,0,0,0,0,1,3,0,0,0,0,0,0,0,0,0
rno-miR-214-3p,192,148,80,1414,25,22,82,20,89,32,61,705,8,59,768,1242,21,62,6,62,20,6,29,22,43,16,38,1216,78,23,57,26,15,26,24,39,88,37,94,6,18,6,16,7,30,17,13,63
rno-miR-214-5p,0,0,1,4,0,0,0,0,0,0,0,1,0,0,4,0,0,0,0,0,0,0,0,0,2,0,0,0,2,0,0,0,0,0,0,0,0,0,1,0,0,1,0,0,0,0,0,0
rno-miR-216a-3p,0,0,0,0,0,0,0,0,0,0,0,0,0,0,0,0,0,0,0,0,0,0,0,0,0,0,0,0,0,0,0,0,0,0,0,1,0,0,0,0,0,0,0,0,0,0,0,0
rno-miR-216a-5p,2,0,5,1,0,0,0,0,0,0,0,2,0,1,1,1,0,0,0,0,1,0,0,0,2,0,0,1,3,0,0,0,0,0,0,0,0,0,0,0,0,1,0,0,3,0,0,0
rno-miR-216b-3p,0,0,0,0,0,0,0,0,0,0,0,0,0,0,0,0,0,0,0,0,0,0,0,0,0,0,0,0,0,0,0,0,0,0,0,0,0,0,0,0,0,0,0,0,0,0,0,0
rno-miR-216b-5p,0,0,2,0,0,0,0,0,0,0,0,1,0,0,0,0,0,0,0,0,0,0,0,0,0,0,0,0,0,0,0,0,0,0,0,0,0,0,0,0,0,0,0,0,0,0,0,0
rno-miR-217-3p,0,0,0,0,0,0,0,0,0,0,0,0,0,0,0,0,0,0,0,0,0,0,0,0,0,0,0,0,0,0,0,0,0,0,0,0,0,0,0,0,0,0,0,0,0,0,0,0
rno-miR-217-5p,0,6,30,4,3,37,1,0,2,0,2,13,0,3,6,2,0,8,1,3,8,1,0,2,1,0,0,1,6,0,1,2,0,0,1,15,0,1,2,3,0,0,0,0,15,0,0,3
rno-miR-218a-1-3p,3,2,2,4,0,1,0,0,0,0,1,7,0,0,4,12,0,0,1,0,0,0,0,1,1,0,0,3,0,0,1,0,0,0,0,0,0,2,1,0,0,0,1,0,0,0,0,2
rno-miR-218a-2-3p,0,0,0,0,0,0,0,0,0,0,0,1,0,0,0,0,0,0,0,0,0,0,0,0,0,0,0,2,0,0,0,0,0,0,0,0,0,0,0,0,0,0,0,0,0,0,0,0
rno-miR-218a-5p,762,385,327,669,35,18,28,7,34,4,39,1646,28,185,1395,774,3,91,4,10,107,4,14,24,202,56,256,471,239,1,6,12,6,11,3,172,6,399,558,41,0,37,10,2,85,7,3,35
rno-miR-218b,0,0,0,0,0,0,0,0,0,0,0,0,0,0,0,0,0,0,0,0,0,0,0,0,0,0,0,0,0,0,0,0,0,0,0,0,0,0,0,0,0,0,0,0,0,0,0,0
rno-miR-219a-1-3p,0,0,2,0,2,1,0,0,0,0,2,0,0,0,3,0,0,1,2,1,0,0,0,0,3,0,0,2,3,1,0,0,0,0,1,1,1,1,1,0,0,0,0,0,1,1,1,0
rno-miR-219a-2-3p,0,0,0,1,0,0,0,0,0,0,0,0,0,0,5,12,0,0,0,0,0,0,0,0,0,0,0,1,2,0,0,0,0,0,0,0,0,3,11,0,0,0,0,0,0,0,0,0
rno-miR-219a-5p,0,0,0,2,0,2,0,0,0,0,0,1,1,0,3,2,0,2,0,0,0,0,0,0,0,0,1,0,1,0,0,0,1,0,0,0,0,0,0,0,0,0,0,0,0,0,0,0
rno-miR-219b,0,0,0,0,1,0,0,0,1,1,0,1,0,0,1,1,1,2,1,0,0,0,0,0,0,0,0,0,0,1,1,2,1,0,0,0,0,0,0,0,0,0,0,0,0,0,0,0
rno-miR-22-3p,7845,5287,3817,16139,739,687,821,1879,2249,1338,1892,18847,703,2720,27084,7847,2796,2033,910,1392,843,843,2200,609,3913,1117,4868,4804,5576,4825,1049,942,1374,1605,986,2382,833,4021,6917,620,837,377,932,331,991,926,630,1581
rno-miR-22-5p,95,39,35,257,10,10,12,20,42,10,27,189,6,41,490,127,57,23,8,9,2,11,27,3,24,6,20,88,33,79,17,17,22,16,14,18,11,12,57,10,13,4,4,4,9,5,5,11
rno-miR-221-3p,606,217,414,1208,156,121,62,215,228,93,272,1198,6,226,1975,929,89,224,260,101,269,103,383,107,211,13,214,468,169,170,136,111,158,114,124,544,123,476,773,202,136,91,110,117,296,178,109,350
rno-miR-221-5p,7,7,4,10,0,0,0,0,0,0,3,16,4,1,26,7,0,3,0,0,4,0,0,0,3,4,6,5,5,0,0,0,0,0,0,3,0,4,6,4,0,1,0,0,2,0,0,1
rno-miR-222-3p,141,58,79,389,19,14,13,16,32,12,47,287,3,41,548,252,9,31,30,11,50,20,27,20,51,10,61,182,51,15,17,16,16,19,19,77,25,75,152,38,19,12,9,14,37,14,6,43
rno-miR-222-5p,3,0,1,2,0,0,0,1,0,0,0,7,0,2,2,0,0,0,1,0,0,0,0,0,0,2,1,1,1,0,0,0,0,0,0,0,0,3,3,0,0,0,0,0,0,0,0,1
rno-miR-223-3p,642,531,539,743,1013,797,30,3357,1979,653,1940,2403,50,270,1926,1623,5061,2579,1144,1578,529,1106,2569,759,289,101,282,840,568,5894,3429,1010,1637,749,1520,992,2880,389,562,989,1522,185,1338,790,391,1978,558,3691
rno-miR-223-5p,10,8,19,12,5,1,1,10,4,3,3,30,1,6,24,19,6,12,3,5,4,3,15,4,18,2,23,8,3,9,10,3,5,1,6,4,7,24,13,4,5,0,4,9,3,15,5,13
rno-miR-224-3p,1,0,2,7,0,0,0,0,0,0,2,1,0,1,7,6,0,0,0,0,0,0,0,0,0,0,0,2,0,0,0,0,0,0,0,0,0,0,3,0,0,0,0,0,0,0,0,0
rno-miR-224-5p,181,68,111,319,13,8,15,4,42,5,70,346,1,59,534,338,3,33,16,7,77,5,12,23,59,14,81,156,64,5,10,11,5,35,6,85,1,159,168,35,2,7,4,2,55,1,8,7
rno-miR-23a-3p,3822,2445,1490,15011,770,1268,749,4008,2337,1429,2336,9545,285,1266,20921,9884,1685,3120,1296,1932,711,1017,2450,1114,1302,327,1140,6948,1891,2826,1451,908,1386,1289,1436,1191,1880,1035,2606,419,1250,316,1516,583,785,1527,679,3161
rno-miR-23a-5p,17,2,9,27,2,1,1,5,2,1,21,34,0,6,22,35,3,6,5,4,0,0,6,8,4,0,6,6,5,15,7,5,3,2,5,10,7,7,20,4,3,0,2,1,3,4,3,12
rno-miR-23b-3p,2487,1470,786,11123,187,172,506,257,382,221,423,6692,116,789,10929,5623,131,373,215,161,255,132,230,203,747,152,643,4711,1125,231,141,100,121,219,192,315,216,550,1730,104,92,64,116,54,218,110,64,225
rno-miR-23b-5p,8,4,4,13,0,0,1,1,0,0,0,12,0,3,13,9,0,1,0,0,0,0,0,0,2,0,1,4,1,0,0,0,0,1,0,0,0,1,8,1,0,0,0,0,0,0,0,0
rno-miR-24-1-5p,10,11,8,60,0,0,6,1,0,0,2,38,0,9,53,19,1,0,0,0,4,0,0,0,7,0,6,21,9,0,0,0,0,1,1,1,1,7,13,0,0,0,0,0,1,1,0,0
rno-miR-24-2-5p,514,220,222,998,65,84,42,295,176,66,153,1081,16,198,1287,491,141,276,76,170,32,80,128,84,176,23,221,367,176,284,218,93,134,126,107,98,193,272,639,41,111,28,137,76,79,153,77,308
rno-miR-24-3p,2706,1544,1532,10054,956,942,494,3042,3794,904,3462,10260,112,1046,12756,6010,8540,6528,1064,2878,3154,1814,2362,966,1096,198,800,9388,1508,7112,6704,1690,1654,2020,2070,3352,5186,1124,2006,1833,1708,728,1920,798,2192,2620,802,4464
rno-miR-25-3p,1876,993,1802,2959,1406,1944,132,3616,1950,1277,5325,5046,276,514,4528,2508,792,3054,8355,1743,3102,2804,4929,2583,1304,307,1403,1669,1142,1842,1682,3429,2353,3045,3764,6249,2165,2373,3045,10791,3125,2252,4075,5894,3031,3946,1846,7696
rno-miR-25-5p,21,7,16,86,8,12,2,19,18,16,44,50,0,10,121,53,16,18,63,14,11,22,20,22,10,1,13,38,4,24,19,17,20,13,39,29,16,25,34,26,8,3,9,21,4,6,7,32
rno-miR-26a-3p,0,1,0,0,0,0,0,0,0,0,2,0,0,2,3,1,0,0,0,0,0,1,1,1,0,0,0,1,0,0,0,0,0,0,0,0,0,0,0,0,0,0,0,0,2,1,0,1
rno-miR-26a-5p,21593,9687,15762,38608,202,321,1910,778,400,246,498,59995,853,7938,65276,23820,244,534,599,404,511,316,748,320,14899,3241,17487,13925,11097,554,427,302,331,237,362,1104,286,20030,23473,626,357,169,371,339,586,556,326,958
rno-miR-26b-3p,0,1,3,9,0,0,0,0,0,0,2,15,1,0,10,5,2,1,0,0,0,0,0,2,2,1,4,8,2,1,0,1,0,0,0,2,0,3,5,0,0,0,1,1,1,0,0,0
rno-miR-26b-5p,3132,1708,2123,5924,86,130,273,312,158,121,331,8686,90,1333,11089,4402,122,191,374,140,203,146,566,142,2212,453,2055,2495,1694,293,150,210,191,114,141,686,121,2503,3291,508,188,41,111,188,264,301,190,564
rno-miR-27a-3p,1584,1253,828,5198,218,457,262,1808,1225,400,1447,4506,202,325,7748,2773,1293,2069,566,794,504,518,1193,459,576,249,555,2269,1273,1857,967,602,622,513,478,887,1074,414,1142,530,522,166,708,369,485,982,287,1755
rno-miR-27a-5p,23,13,24,87,1,4,6,7,19,2,23,88,0,15,54,48,7,10,8,2,3,2,10,20,20,4,21,52,18,5,17,9,3,4,5,17,13,33,67,40,16,3,7,12,13,32,4,50
rno-miR-27b-3p,7294,4096,3532,16135,256,373,795,515,944,287,1385,19171,343,1599,25335,9146,234,845,604,292,879,289,971,461,2994,762,2956,6363,3968,400,335,409,372,704,370,1831,373,3575,6746,618,297,281,291,253,1159,458,396,976
rno-miR-27b-5p,18,7,16,37,0,1,5,0,1,0,1,66,1,8,55,14,0,0,0,0,3,1,1,0,9,2,12,25,9,0,0,0,0,1,0,0,0,23,32,1,0,1,0,0,0,0,0,1
rno-miR-28-3p,71,39,94,340,4,8,19,25,16,14,14,381,63,44,301,121,22,34,9,28,12,22,12,10,95,24,128,145,78,29,28,6,26,17,21,14,32,146,220,17,16,8,28,7,18,25,21,29
rno-miR-28-5p,108,57,65,328,1,3,17,12,18,7,21,464,7,55,361,245,12,11,4,8,8,3,13,10,32,13,45,205,84,11,8,7,7,5,4,14,1,43,92,14,6,5,5,2,18,15,4,30
rno-miR-290,0,0,0,0,0,0,0,0,0,0,0,0,0,0,0,0,0,0,0,0,0,0,0,0,0,0,0,0,0,0,0,0,0,0,0,0,0,0,0,0,0,0,0,0,0,0,0,0
rno-miR-291a-3p,0,0,0,0,0,0,0,0,0,0,0,0,0,0,0,0,0,0,0,0,0,0,0,0,0,0,0,0,0,0,0,0,0,0,0,0,0,0,0,0,0,0,0,0,0,0,0,0
rno-miR-291a-5p,0,0,0,0,0,0,0,0,0,0,0,0,0,0,0,0,0,0,0,0,0,0,0,0,0,0,0,0,0,0,0,0,0,0,0,0,0,0,0,0,0,0,0,0,0,0,0,0
rno-miR-291b,0,0,0,0,0,0,0,0,0,0,0,0,0,0,1,0,0,0,0,0,0,0,0,0,0,0,0,0,0,0,0,0,0,0,0,0,0,0,0,0,0,0,0,0,0,0,0,0
rno-miR-292-3p,0,0,0,1,0,0,0,0,0,0,0,0,0,0,0,0,0,0,0,0,0,0,0,0,0,0,0,0,0,0,0,0,0,0,0,0,0,0,0,0,0,0,0,0,0,0,0,0
rno-miR-292-5p,0,0,0,0,0,0,0,0,0,0,0,0,0,0,0,0,0,0,0,0,0,0,0,0,0,0,0,0,0,0,0,0,0,0,1,0,0,0,0,0,0,0,0,0,0,0,0,0
rno-miR-293-3p,0,0,0,0,0,0,0,0,0,0,0,0,0,0,0,0,0,0,0,0,0,0,0,0,0,0,0,0,0,0,0,0,0,0,0,0,0,0,0,0,0,0,0,0,0,0,0,0
rno-miR-293-5p,0,0,1,0,0,0,0,0,0,0,0,1,0,1,0,0,1,2,0,0,0,0,0,0,0,0,0,0,0,0,0,0,0,0,0,0,0,0,0,0,0,0,0,0,0,0,0,1
rno-miR-294,0,0,0,0,0,0,0,0,0,0,0,0,0,0,0,0,0,0,0,0,0,0,0,0,0,0,0,0,0,0,0,0,0,0,0,0,0,0,0,0,0,0,0,0,0,0,0,0
rno-miR-295-3p,0,0,0,0,0,0,0,0,0,0,0,0,0,0,0,0,0,0,0,0,0,2,0,0,0,0,0,0,0,0,0,0,0,0,0,2,0,0,0,0,0,0,0,0,0,0,0,0
rno-miR-295-5p,0,0,0,0,0,0,0,0,0,0,0,0,0,0,0,0,0,0,0,0,0,0,0,0,0,0,0,0,0,0,0,0,0,0,0,0,0,0,0,0,0,0,0,0,0,0,0,0
rno-miR-296-3p,2,1,1,1,3,1,0,1,0,0,0,0,0,1,2,2,0,2,0,0,0,0,0,2,0,0,1,1,0,0,0,0,0,2,1,1,1,1,1,0,0,0,2,1,0,0,0,0
rno-miR-296-5p,1,3,2,31,1,0,2,4,1,1,2,8,0,2,53,41,2,4,3,3,0,1,0,1,2,0,0,8,1,0,0,0,1,1,4,0,0,3,7,0,0,0,0,2,0,2,1,4
rno-miR-297,0,0,0,0,0,0,0,0,0,0,0,0,0,0,0,0,0,0,0,0,0,0,0,0,0,0,0,0,1,0,0,0,0,0,0,0,0,0,0,0,0,0,0,0,0,0,0,0
rno-miR-298-3p,0,0,0,1,0,0,0,0,0,0,0,1,0,0,2,2,0,0,0,0,0,0,0,0,0,0,0,0,0,0,0,0,0,0,0,0,0,0,0,0,0,0,0,0,0,1,0,0
rno-miR-298-5p,5,4,3,10,4,2,0,7,1,1,10,7,0,1,11,3,0,5,0,0,1,1,2,4,1,2,7,4,2,1,1,1,1,1,2,4,2,10,11,1,1,2,1,1,3,3,0,5
rno-miR-2985,0,0,0,0,0,0,0,0,0,0,0,0,0,0,0,0,0,0,0,0,0,0,0,0,0,0,0,0,0,0,0,0,0,0,0,0,0,0,0,0,0,0,0,0,0,0,0,0
rno-miR-299a-3p,7,1,7,9,0,1,2,0,0,0,0,10,0,1,15,9,0,0,0,0,0,0,0,0,8,0,4,6,5,0,0,0,0,0,0,1,2,6,27,0,0,0,1,0,0,0,0,0
rno-miR-299a-5p,0,0,0,4,0,0,1,0,0,0,0,3,0,0,5,2,0,0,0,0,1,0,0,0,0,0,0,3,0,0,0,0,0,0,0,0,0,2,4,1,0,0,0,0,0,0,0,0
rno-miR-299b-3p,0,0,0,0,0,0,0,0,0,0,0,0,0,0,0,0,0,0,0,0,0,0,0,0,0,0,0,0,0,0,0,0,0,0,0,0,0,0,0,0,0,0,0,0,0,0,0,0
rno-miR-299b-5p,0,0,0,1,0,0,0,0,0,0,0,2,0,0,2,1,0,0,0,0,1,0,0,0,0,0,0,2,0,0,0,0,0,0,0,0,0,2,1,1,0,0,0,0,0,0,0,0
rno-miR-29a-3p,10704,6672,4470,21534,1511,1533,1107,4987,5291,1549,5939,38351,393,5022,29436,14394,5469,6757,969,3649,2105,2543,3092,1998,3668,1365,3824,14070,6189,5641,3075,1476,1929,2187,2346,3651,2577,3589,5278,2230,2370,1106,2410,863,3492,3293,1594,5490
rno-miR-29a-5p,11,14,5,18,0,0,3,0,1,1,2,30,7,10,50,15,0,2,1,1,0,0,4,0,3,3,8,8,18,1,1,1,0,1,2,1,1,1,1,1,0,1,2,0,0,2,1,0
rno-miR-29b-1-5p,0,0,0,0,0,0,0,0,0,0,0,0,0,0,1,0,0,0,0,0,0,0,0,0,0,0,0,0,0,0,0,0,0,0,0,0,0,0,0,0,0,0,0,0,0,0,0,0
rno-miR-29b-3p,279,320,168,753,42,48,45,48,144,30,213,1268,75,311,1150,553,279,153,33,84,63,66,117,66,168,98,113,645,246,267,102,63,84,96,78,81,129,108,84,57,42,33,57,15,153,78,51,156
rno-miR-29b-5p,2,2,4,28,0,0,2,4,8,0,4,6,2,0,18,16,0,4,0,2,6,0,4,0,0,0,2,14,2,0,0,0,0,0,2,10,2,0,0,0,0,0,2,0,4,2,0,4
rno-miR-29c-3p,10754,7068,3532,21054,866,994,992,2036,4000,970,4674,27438,450,4226,28540,11312,1872,2406,654,1360,668,858,2020,958,2866,1206,4090,8426,5818,2372,938,830,1072,2530,1348,2364,826,2626,4024,600,828,656,894,300,1886,1110,1052,2158
rno-miR-29c-5p,6,14,10,60,0,0,4,0,0,0,6,36,0,10,42,28,2,0,0,0,0,0,4,2,4,0,4,14,8,0,0,2,0,2,0,4,0,2,12,0,0,0,2,0,0,2,4,0
rno-miR-300-3p,1,2,1,7,0,0,0,0,1,0,0,9,0,1,18,12,0,0,0,0,0,0,0,0,2,0,3,1,3,0,0,0,0,0,0,0,0,6,10,1,0,0,0,0,0,0,0,0
rno-miR-300-5p,0,0,0,0,0,0,0,0,0,0,0,0,0,0,0,0,0,0,0,0,0,0,0,0,0,0,0,1,0,0,0,0,0,0,0,0,0,0,0,0,0,0,0,0,0,0,0,0
rno-miR-301a-3p,96,83,46,201,62,54,16,159,115,53,150,184,9,42,373,175,97,83,243,71,13,34,182,41,35,17,50,103,83,212,101,106,107,118,102,158,95,42,60,75,89,19,74,79,60,116,52,191
rno-miR-301a-5p,0,1,0,0,0,0,0,0,0,0,0,4,0,0,3,0,0,1,0,0,0,0,1,1,0,1,0,0,1,0,0,1,0,0,0,0,0,0,0,0,0,0,0,0,0,0,0,0
rno-miR-301b-3p,1,3,1,0,2,0,0,7,6,1,8,4,0,0,4,1,5,10,4,3,0,2,5,1,0,0,1,1,1,15,6,0,6,3,3,1,3,1,1,1,2,3,8,0,0,5,5,6
rno-miR-301b-5p,1,0,0,0,0,0,0,0,0,0,0,0,0,0,0,0,0,0,0,0,0,0,0,0,0,0,0,1,0,0,0,0,0,0,0,0,0,0,0,0,0,0,0,0,0,0,0,0
rno-miR-3064-3p,1,0,0,0,0,0,0,0,0,0,0,1,0,0,2,1,0,0,0,0,0,0,0,0,0,0,0,0,0,0,0,0,0,0,0,0,0,0,0,0,0,0,0,0,1,0,0,0
rno-miR-3064-5p,1,1,3,3,0,0,0,0,0,0,0,6,0,1,2,2,0,0,0,0,0,0,0,0,3,0,3,4,8,0,0,0,0,0,0,0,0,2,6,0,0,0,0,0,0,0,0,0
rno-miR-3065-3p,0,0,0,0,0,0,0,0,0,0,0,0,0,0,0,0,0,0,0,0,0,0,0,0,0,0,0,0,0,0,0,0,0,0,0,0,0,0,0,0,0,0,0,0,0,0,0,0
rno-miR-3065-5p,1,0,0,0,0,0,0,0,0,0,0,1,0,0,1,1,0,0,0,0,0,0,0,0,0,0,0,0,1,0,0,0,0,0,0,0,0,0,0,0,0,0,0,0,0,0,0,1
rno-miR-3068-3p,54,48,53,86,7,4,8,11,21,6,11,280,19,34,123,61,5,23,8,12,10,8,19,15,93,50,54,48,138,17,13,9,12,10,9,34,16,36,140,26,8,7,12,1,26,22,4,28
rno-miR-3068-5p,15,11,6,42,2,1,2,3,2,0,2,46,5,3,72,15,2,1,0,1,0,0,3,0,10,2,2,12,6,3,1,2,1,1,1,2,1,3,13,0,0,0,1,0,3,0,1,2
rno-miR-3072,0,0,0,1,0,0,0,0,0,0,0,0,0,0,0,4,0,0,0,0,0,0,0,0,0,0,0,0,0,0,0,0,0,0,0,0,0,0,0,0,0,0,0,0,0,0,0,0
rno-miR-3074,0,0,0,1,2,1,0,3,0,2,0,1,0,2,3,3,1,2,1,3,0,2,1,0,0,1,0,2,1,2,2,2,0,0,0,1,1,0,2,2,4,0,0,5,1,0,0,0
rno-miR-3075,0,0,0,0,1,0,0,0,0,0,1,1,0,0,1,1,0,0,0,0,0,1,0,1,0,0,0,0,0,1,0,0,0,0,0,0,0,0,1,1,0,0,0,0,0,1,0,0
rno-miR-3084a-1-5p,0,0,0,1,0,0,0,0,0,0,0,0,0,0,2,1,1,0,1,0,0,0,0,0,0,0,0,0,1,0,1,0,0,0,0,1,0,0,0,0,0,0,0,0,0,0,0,0
rno-miR-3084a-3p,12,24,12,12,0,0,4,0,0,0,8,52,4,20,8,8,0,0,0,0,0,0,0,0,8,32,8,4,24,0,0,4,0,0,0,0,0,8,4,0,0,0,0,0,0,0,0,0
rno-miR-3084a-5p,0,0,0,4,0,0,2,2,0,0,0,2,0,0,4,4,0,0,0,0,0,0,0,0,0,0,0,0,0,4,0,0,0,0,0,0,0,0,0,2,0,0,0,2,0,0,0,0
rno-miR-3084b-3p,0,0,0,0,0,0,0,0,0,0,0,0,0,0,0,0,0,0,0,0,0,0,0,0,0,0,0,0,0,0,0,0,0,0,0,0,0,0,0,0,0,0,0,0,0,0,0,0
rno-miR-3084b-5p,0,0,0,2,0,0,1,1,0,0,0,1,0,0,2,2,0,0,0,0,0,0,0,0,0,0,0,0,0,2,0,0,0,0,0,0,0,0,0,1,0,0,0,1,0,0,0,0
rno-miR-3085,0,0,0,0,0,0,0,0,0,0,0,0,0,0,0,0,0,0,0,0,0,0,0,0,0,0,0,0,0,0,0,0,0,0,0,0,0,0,0,0,0,0,0,0,0,0,0,0
rno-miR-3099,0,0,0,0,0,0,0,0,0,0,0,0,0,0,0,0,0,0,0,0,0,0,0,0,0,0,0,0,0,0,0,0,0,0,0,0,0,0,0,0,0,0,0,0,0,0,0,0
rno-miR-30a-3p,733,304,636,1454,15,13,83,33,22,18,65,1681,239,331,3209,432,4,27,41,22,54,14,76,27,644,109,556,285,302,12,7,18,22,22,23,147,8,871,1972,117,42,22,20,15,104,31,45,73
rno-miR-30a-5p,7612,4591,7542,15158,211,279,759,499,541,412,929,29617,4129,3157,26338,5391,225,803,477,504,940,474,849,560,10185,2917,7732,3908,7070,349,308,392,319,311,459,2061,323,9570,17291,1118,445,308,316,347,1193,454,520,1069
rno-miR-30b-3p,4,4,9,20,0,0,3,0,0,0,0,34,2,3,36,13,0,0,0,0,0,0,0,0,6,1,3,5,2,0,0,0,0,0,0,0,0,2,0,1,0,0,0,0,0,1,0,0
rno-miR-30b-5p,76,58,70,703,10,18,47,49,164,36,157,820,20,78,927,407,358,106,35,75,25,85,105,42,53,22,29,621,100,154,85,63,60,46,71,89,156,40,130,50,74,13,22,21,59,60,40,108
rno-miR-30c-1-3p,12,13,7,61,2,0,3,0,1,0,5,32,0,3,49,24,0,0,0,1,0,1,1,0,9,2,12,16,5,1,0,1,0,1,1,0,0,14,15,1,1,0,0,0,1,0,0,0
rno-miR-30c-2-3p,76,45,62,184,0,0,9,0,0,1,0,231,21,47,343,77,1,1,0,0,0,1,1,2,96,17,117,74,52,0,0,0,0,0,0,1,1,161,179,3,0,0,0,0,0,0,1,1
rno-miR-30c-5p,573,355,207,4293,11,12,179,50,106,20,135,3059,90,281,5312,1692,140,59,48,29,47,60,55,55,266,121,148,1994,358,127,61,53,52,25,51,71,122,210,599,33,37,6,9,30,35,34,33,78
rno-miR-30d-3p,11,6,7,24,0,1,0,2,2,0,2,23,2,6,37,11,0,0,0,0,0,0,1,0,8,1,9,8,4,1,1,0,1,0,0,1,1,5,5,0,1,0,1,0,0,1,0,4
rno-miR-30d-5p,1127,523,959,4423,73,64,249,159,191,121,248,4077,275,508,5281,2052,140,364,80,286,333,209,196,173,782,272,738,1812,636,189,162,129,97,112,161,367,225,825,1672,345,171,62,91,101,347,215,126,365
rno-miR-30e-3p,548,220,438,936,8,6,41,47,20,12,26,1132,221,247,1835,430,11,22,66,23,36,13,66,29,456,108,368,256,299,25,10,26,21,15,26,102,16,602,1349,126,18,9,27,23,54,48,26,105
rno-miR-30e-5p,674,537,405,1053,22,29,54,64,59,27,133,2554,275,414,2343,539,64,69,39,63,70,43,89,40,458,285,342,728,661,73,66,54,40,29,43,117,78,468,607,99,55,13,32,29,69,70,22,129
rno-miR-3102,0,0,0,2,0,0,0,0,0,1,0,1,0,0,1,4,0,0,0,0,1,0,0,0,0,0,0,1,0,0,0,0,0,0,0,0,0,0,0,0,0,0,0,0,0,0,0,0
rno-miR-3120,1,0,0,0,0,0,0,0,0,0,1,1,0,0,0,1,0,1,0,0,0,0,0,0,0,0,0,0,0,0,0,0,0,0,0,0,0,0,0,0,0,0,0,0,0,0,0,0
rno-miR-31a-3p,0,0,0,0,0,0,0,0,0,0,0,0,0,0,0,0,1,0,0,0,0,0,0,0,0,0,0,0,0,0,0,0,1,0,0,0,0,0,0,0,0,0,0,0,0,0,0,0
rno-miR-31a-5p,23,16,34,149,0,0,6,9,9,26,19,141,2,9,338,258,38,12,7,25,1,35,23,6,15,1,30,149,12,96,10,9,22,21,11,12,6,43,58,9,10,4,4,5,14,20,14,16
rno-miR-31b,0,0,0,0,0,0,0,0,0,0,0,0,0,0,0,0,0,0,0,0,0,0,0,0,0,0,0,0,0,0,0,0,0,0,0,0,0,0,0,0,0,0,0,0,0,0,0,0
rno-miR-32-3p,0,2,0,2,0,0,0,1,0,0,1,1,0,0,3,2,1,1,1,0,0,1,1,0,0,0,0,0,0,1,1,0,1,0,0,1,0,0,0,0,0,0,1,0,0,0,0,2
rno-miR-32-5p,1,3,0,3,1,0,0,12,4,1,16,3,0,0,6,3,15,13,8,5,2,3,9,5,0,0,1,2,0,10,5,7,5,7,8,7,8,0,0,3,6,2,1,7,2,10,4,12
rno-miR-320-3p,643,266,301,1688,674,679,70,1679,1136,414,777,1003,18,264,3024,1989,946,1146,809,827,247,575,1588,328,326,18,259,636,140,3089,890,604,1358,836,1047,599,392,724,931,280,845,255,844,512,422,898,723,2012
rno-miR-320-5p,0,0,0,0,0,0,0,0,1,0,0,0,0,0,0,0,0,0,0,0,0,0,0,0,0,0,1,0,0,1,0,1,0,1,0,0,0,0,0,0,1,0,0,0,0,0,0,0
rno-miR-322-3p,78,32,72,238,22,32,10,60,134,32,64,380,14,46,508,176,40,128,34,118,14,38,62,62,60,24,38,180,58,96,158,72,84,76,124,106,94,152,330,22,44,18,44,16,76,58,82,186
rno-miR-322-5p,342,280,228,1108,6,16,48,26,44,28,50,1254,28,170,2008,894,20,28,14,24,12,14,26,10,194,38,122,802,246,18,42,16,28,28,32,20,22,142,212,6,12,10,8,4,8,18,6,52
rno-miR-323-3p,1,1,0,9,0,0,1,0,0,0,1,12,0,1,32,7,0,1,0,0,2,0,0,0,1,0,0,4,0,1,0,1,1,0,1,1,3,4,12,0,0,0,0,0,1,1,0,3
rno-miR-323-5p,0,0,0,0,0,0,0,0,0,0,0,0,0,0,0,0,0,0,0,0,0,0,0,0,0,0,0,0,0,0,0,0,0,0,0,0,0,0,0,0,0,0,0,0,0,0,0,0
rno-miR-324-3p,3,0,0,23,1,0,0,7,2,4,10,12,0,0,20,38,5,8,4,6,3,1,2,7,1,0,1,15,4,7,2,3,6,1,1,2,5,1,1,2,2,0,3,4,2,2,0,5
rno-miR-324-5p,55,34,15,131,2,6,7,9,7,11,19,127,1,31,144,118,7,11,8,5,3,5,12,2,15,3,26,83,25,14,4,3,4,4,4,16,5,23,13,10,3,1,4,6,7,2,2,17
rno-miR-325-3p,0,0,0,0,0,0,0,0,0,0,0,1,0,0,2,0,0,0,0,0,0,0,0,0,0,0,0,0,1,0,0,0,0,0,0,0,0,0,0,0,0,0,0,0,0,0,0,0
rno-miR-325-5p,0,0,0,2,0,0,0,0,0,0,0,1,0,1,1,0,0,0,0,0,0,0,0,0,1,0,0,3,0,0,0,0,0,0,0,0,0,0,0,0,0,0,0,0,0,0,0,0
rno-miR-326-3p,1,3,2,52,4,1,3,42,51,8,43,33,0,3,22,59,136,78,13,35,5,15,16,13,1,1,3,34,5,89,49,19,16,10,34,20,33,5,3,8,20,2,22,17,7,36,9,54
rno-miR-326-5p,0,0,0,0,0,0,0,0,0,0,0,1,0,0,0,1,0,0,0,0,0,0,0,0,0,0,0,0,0,0,0,0,0,0,0,0,0,0,0,0,0,0,0,0,0,0,0,0
rno-miR-327,0,0,0,0,0,0,0,0,0,0,0,0,0,0,0,0,0,0,0,0,0,0,0,0,0,0,0,0,0,0,0,0,0,0,0,0,0,0,0,0,0,0,0,0,0,0,0,0
rno-miR-328a-3p,11,4,1,135,10,13,5,45,52,14,71,27,3,2,99,166,88,94,28,45,20,15,31,21,2,1,0,81,5,46,52,20,15,6,26,13,86,1,2,17,14,7,24,13,8,35,9,69
rno-miR-328a-5p,0,1,0,0,0,0,0,1,0,0,0,0,0,0,0,0,0,1,0,0,0,0,0,0,0,0,0,0,0,0,0,0,0,0,0,0,0,0,0,0,0,0,0,0,0,0,0,0
rno-miR-328b-3p,1,0,0,1,2,2,0,0,3,3,2,1,0,0,3,1,6,5,0,2,2,3,3,0,1,0,0,1,1,3,4,2,1,2,5,0,3,0,0,1,1,1,2,1,1,1,1,3
rno-miR-329-3p,4,2,1,13,0,0,0,0,0,0,0,5,0,0,27,4,0,0,0,0,0,0,0,0,1,0,1,6,0,0,0,0,0,0,0,1,0,1,8,0,0,0,0,0,0,0,0,0
rno-miR-329-5p,1,0,0,3,0,1,0,0,0,0,0,2,0,0,12,1,0,0,0,0,1,0,0,0,2,1,1,2,2,0,0,0,0,0,0,0,0,5,10,0,0,0,0,0,0,0,0,0
rno-miR-33-3p,1,0,0,0,0,0,0,1,0,0,1,2,0,2,2,2,1,1,0,0,0,0,1,0,0,0,0,0,0,2,1,0,0,1,0,0,0,0,0,0,0,0,2,0,0,0,0,0
rno-miR-33-5p,141,79,69,176,5,10,5,32,19,18,46,316,3,66,266,134,40,25,27,13,7,10,39,25,36,17,68,201,113,55,17,15,12,1,7,23,12,42,88,15,9,4,12,11,12,15,3,37
rno-miR-330-3p,1,1,2,12,16,11,1,45,24,8,13,4,0,3,21,17,40,57,15,40,10,10,30,13,4,0,3,4,0,67,24,18,29,12,25,17,24,3,6,13,20,6,18,13,15,28,12,61
rno-miR-330-5p,1,1,3,8,0,0,1,2,2,1,0,3,0,0,0,0,1,0,1,0,1,0,0,0,1,0,0,4,0,3,0,1,0,0,0,1,0,2,2,0,2,0,1,0,0,1,0,1
rno-miR-331-3p,9,13,4,72,0,0,5,1,3,3,2,32,1,2,113,66,0,1,2,2,0,1,1,0,5,3,6,32,6,3,2,0,2,0,1,5,1,5,2,2,0,0,0,1,3,1,1,1
rno-miR-331-5p,0,0,2,1,0,0,0,0,0,0,0,0,0,0,1,0,0,0,0,0,0,0,0,0,1,0,0,0,0,0,0,0,0,0,0,0,0,1,0,0,0,0,0,0,0,0,0,0
rno-miR-335,4,11,4,40,3,1,2,6,15,5,8,33,0,7,101,42,7,12,0,21,5,0,18,3,11,3,7,33,4,10,8,19,5,20,3,18,2,12,10,4,5,1,3,2,27,3,10,20
rno-miR-336-3p,0,1,0,0,0,0,0,0,0,0,0,1,0,0,0,0,0,0,0,0,0,0,0,0,0,0,0,0,0,0,0,0,0,0,0,0,0,0,0,0,0,0,0,0,0,0,0,0
rno-miR-336-5p,0,0,0,0,0,0,0,0,0,1,0,1,0,0,0,0,1,0,0,0,0,0,0,0,0,0,0,1,0,0,0,0,0,0,0,0,0,0,0,0,0,0,0,0,0,0,0,0
rno-miR-337-3p,0,0,0,1,0,0,0,0,0,0,0,2,0,0,0,0,0,0,0,0,0,0,0,0,0,0,0,1,0,0,0,0,0,0,0,0,0,1,0,0,0,0,0,0,0,0,0,0
rno-miR-337-5p,3,2,0,14,0,0,1,0,0,0,0,15,0,0,25,8,0,0,0,0,0,0,0,0,1,0,2,8,0,0,0,0,0,0,0,0,0,8,5,0,0,0,0,0,1,0,0,0
rno-miR-338-3p,270,172,103,232,0,1,12,2,2,2,4,639,22,192,785,143,2,1,0,0,1,4,2,2,96,38,132,142,222,3,1,2,1,0,1,3,0,112,138,0,1,1,2,2,3,1,3,4
rno-miR-338-5p,9,3,7,13,0,2,0,2,0,1,2,27,0,4,46,17,1,1,3,2,0,5,1,1,3,1,6,13,3,2,2,1,1,4,2,3,0,7,14,0,2,0,2,1,1,3,1,4
rno-miR-339-3p,12,3,9,26,8,11,1,88,45,17,34,36,0,5,49,24,74,107,15,54,19,27,24,25,5,0,8,22,4,112,54,18,28,14,40,11,68,10,12,19,22,9,51,19,10,38,16,67
rno-miR-339-5p,63,41,24,331,43,31,12,251,171,51,304,170,6,36,322,377,349,298,81,129,28,80,123,98,13,10,26,171,40,419,158,71,113,63,80,119,152,14,25,63,97,17,120,63,38,102,26,195
rno-miR-340-3p,44,36,44,76,0,0,6,8,6,4,2,138,8,20,160,66,6,2,4,0,0,2,6,0,40,6,36,50,38,6,4,2,10,2,0,2,0,42,90,0,2,4,2,8,0,8,0,4
rno-miR-340-5p,44,52,102,92,6,6,4,38,14,6,16,336,24,28,406,122,24,42,16,12,4,14,40,14,182,36,108,72,108,56,44,10,20,6,28,22,18,278,380,52,24,6,24,40,10,66,30,80
rno-miR-341,30,10,15,38,3,0,1,1,1,0,4,57,8,11,66,29,0,3,1,1,3,0,1,0,14,8,13,16,16,0,0,1,0,0,0,7,1,37,121,4,1,0,0,0,4,0,1,2
rno-miR-342-3p,47,48,55,437,85,278,23,627,513,131,227,329,24,22,710,655,554,646,173,593,101,607,380,271,48,32,43,287,67,774,540,197,483,256,561,154,207,64,138,147,339,43,450,221,100,648,251,1323
rno-miR-342-5p,4,2,5,15,1,1,0,1,4,1,1,21,0,3,19,10,0,5,2,3,1,1,3,0,7,1,3,7,3,9,5,2,3,3,1,2,0,7,6,2,1,0,4,0,3,1,0,10
rno-miR-343,0,0,0,0,0,0,0,0,0,0,0,0,0,0,0,0,0,0,0,0,0,0,0,0,0,0,0,0,0,0,0,0,0,0,0,0,0,0,0,0,0,0,0,0,0,0,0,0
rno-miR-344a-3p,0,0,0,0,2,0,0,0,0,0,0,0,0,0,0,0,0,2,0,0,0,0,0,0,0,0,0,0,0,0,0,0,0,0,0,0,0,0,0,0,0,0,0,0,0,0,0,0
rno-miR-344a-5p,0,0,0,0,0,0,0,0,0,0,0,0,0,0,0,0,0,0,0,0,0,0,0,0,0,0,0,0,0,0,0,0,0,0,0,0,0,0,0,0,0,0,0,0,0,0,0,0
rno-miR-344b-1-3p,0,0,0,0,0,0,0,0,0,0,0,0,0,0,0,0,0,0,0,0,0,0,0,0,0,0,0,0,0,1,0,0,0,0,0,0,0,0,0,0,0,0,0,0,0,0,0,0
rno-miR-344b-3p,0,0,0,0,0,0,0,0,0,0,0,0,0,0,0,0,0,0,0,0,0,0,0,0,0,0,0,0,0,0,0,0,0,0,0,0,0,0,0,0,0,0,0,0,0,0,0,0
rno-miR-344b-5p,0,0,0,0,0,0,0,0,0,0,0,0,0,0,0,0,0,0,0,0,0,0,0,0,0,0,0,0,0,0,0,0,0,0,0,0,0,0,0,0,0,0,0,0,0,0,0,0
rno-miR-344g,0,0,0,0,0,0,0,0,0,0,0,0,0,0,0,0,0,0,0,0,0,0,0,0,0,0,0,0,0,0,0,0,0,0,0,0,0,0,0,0,0,0,0,0,0,0,0,0
rno-miR-344i,0,0,0,0,0,0,0,0,0,0,0,0,0,0,0,0,0,0,0,0,0,0,0,0,0,0,0,0,1,0,0,0,0,0,0,0,0,0,0,0,0,0,0,0,0,0,0,0
rno-miR-345-3p,39,18,27,79,4,5,1,17,10,6,14,68,0,10,74,23,13,33,6,13,10,7,12,10,10,3,20,27,12,27,13,4,6,8,9,14,7,23,41,6,11,3,18,6,6,19,13,28
rno-miR-345-5p,6,5,1,32,0,1,1,2,3,0,3,23,1,4,21,16,4,0,2,0,2,0,2,2,1,1,2,23,3,5,0,0,1,0,2,5,2,2,6,0,0,0,2,0,1,1,0,2
rno-miR-346,1,0,0,8,0,0,0,1,0,0,0,1,0,0,4,7,0,0,0,0,0,0,0,0,0,0,0,2,1,0,0,0,0,1,0,0,2,3,2,0,0,0,2,0,0,0,1,1
rno-miR-347,0,0,0,0,0,0,0,0,0,0,0,0,0,0,0,0,0,0,0,0,0,0,0,0,0,0,0,0,0,0,0,0,0,0,0,0,0,0,0,0,0,0,0,0,0,0,0,0
rno-miR-3473,29,11,29,77,6,4,7,8,33,33,37,90,1,33,56,68,5,12,20,11,37,10,16,36,13,13,27,39,41,14,10,20,7,11,17,68,21,20,25,50,12,10,4,5,30,7,13,15
rno-miR-349,0,0,0,0,0,0,0,0,0,0,0,0,0,0,0,0,0,0,0,0,0,0,0,0,0,0,0,0,0,0,0,0,0,0,0,0,0,0,0,0,0,0,0,0,0,0,0,0
rno-miR-34a-3p,0,1,0,1,0,0,0,0,3,0,0,0,0,0,2,2,1,0,0,0,0,0,0,0,0,0,0,0,0,0,1,1,0,1,0,0,0,0,0,0,0,0,0,0,0,0,0,0
rno-miR-34a-5p,265,144,138,455,6,1,17,16,18,10,35,842,5,105,660,262,20,23,4,24,10,8,17,9,72,10,93,316,90,26,18,12,10,3,7,27,19,142,132,23,28,8,7,8,28,12,9,21
rno-miR-34b-3p,0,0,0,0,0,1,0,2,1,1,2,1,0,0,3,0,1,0,0,0,0,1,0,0,0,0,0,2,0,1,2,0,0,1,2,0,2,0,2,1,2,0,1,0,0,1,1,0
rno-miR-34b-5p,30,19,15,40,0,0,0,0,1,1,1,68,0,17,71,37,1,0,0,1,0,1,4,1,8,6,12,35,27,1,1,0,1,1,3,1,2,16,34,1,0,0,0,0,4,1,0,5
rno-miR-34c-3p,0,0,0,0,0,0,0,1,0,1,0,0,0,0,0,0,2,0,1,1,0,1,4,1,0,0,0,0,0,6,1,1,0,0,1,0,0,0,0,0,1,0,0,1,0,0,0,1
rno-miR-34c-5p,19,14,15,43,0,2,3,3,2,1,2,70,0,8,45,35,3,1,1,1,0,1,4,1,11,0,17,30,17,7,2,1,4,2,5,1,4,18,22,2,1,0,0,0,4,1,3,4
rno-miR-350,0,2,0,2,0,0,0,2,0,0,6,4,0,0,8,4,4,0,0,0,0,0,0,0,0,0,0,2,0,2,0,0,2,0,0,2,4,0,0,0,0,0,0,0,0,0,0,0
rno-miR-351-3p,4,2,4,4,6,6,0,4,6,4,4,12,0,0,12,2,0,10,4,6,4,2,2,2,0,0,0,2,4,8,12,6,14,6,16,2,8,4,12,2,0,2,12,0,8,2,4,14
rno-miR-351-5p,130,64,74,394,10,4,20,8,10,4,6,332,10,68,430,228,2,18,2,6,4,4,0,8,70,26,76,190,58,2,8,2,4,0,6,10,10,88,158,0,4,0,0,0,6,0,2,26
rno-miR-352,1,0,0,0,0,0,0,0,0,0,0,6,0,0,3,0,0,0,0,0,0,0,0,0,0,0,0,0,1,0,0,0,0,0,0,0,0,0,0,0,0,0,0,0,0,0,0,0
rno-miR-3541,0,0,0,0,0,0,0,0,0,0,0,0,0,0,0,0,2,0,0,1,0,0,0,0,0,0,0,0,0,0,0,0,0,0,0,0,0,0,0,0,0,0,0,0,0,0,0,0
rno-miR-3542,0,0,0,14,0,0,0,0,0,0,0,0,0,0,4,0,0,0,0,0,0,0,0,0,0,0,4,6,0,0,0,0,0,0,0,0,0,0,0,0,0,0,0,0,0,0,0,0
rno-miR-3543,0,0,0,0,0,0,0,0,0,0,0,0,0,0,0,0,0,0,0,0,0,0,0,0,0,0,0,0,0,0,0,0,0,0,0,0,0,0,0,0,0,0,0,0,0,0,0,0
rno-miR-3544,0,0,0,0,0,0,0,0,0,1,0,1,0,0,0,0,0,0,0,0,0,0,0,0,0,0,0,0,0,0,0,0,0,0,0,0,0,0,0,0,0,0,0,0,0,0,0,0
rno-miR-3546,0,0,0,0,0,0,0,0,0,0,0,0,0,0,0,0,0,0,0,0,0,0,0,0,0,0,0,0,0,0,0,0,0,0,0,0,0,0,0,0,0,0,0,0,0,0,0,0
rno-miR-3547,0,0,0,0,0,0,0,0,0,0,0,0,0,0,0,0,0,0,0,0,0,0,0,0,0,0,0,0,0,0,0,0,0,0,0,0,0,0,0,0,0,0,0,0,0,0,0,0
rno-miR-3548,0,0,0,0,0,0,0,0,0,0,0,0,0,0,0,0,0,0,0,0,0,0,0,0,0,0,0,0,0,0,0,0,0,0,0,0,0,0,0,0,0,0,0,0,0,0,0,0
rno-miR-3549,0,0,0,0,0,0,0,0,0,0,0,0,0,0,0,0,0,0,0,0,0,0,0,0,0,0,0,0,0,0,0,0,0,0,0,0,0,0,0,0,0,0,0,0,0,0,0,0
rno-miR-3550,0,0,0,0,0,0,0,0,0,0,0,0,0,0,0,0,0,0,0,0,0,0,0,0,0,0,0,0,0,0,0,0,0,0,0,0,0,0,0,0,0,0,0,0,0,0,0,0
rno-miR-3551-3p,0,0,0,0,0,0,0,0,0,0,0,0,0,0,0,0,0,0,0,0,0,0,0,0,0,0,0,0,0,0,0,0,0,0,0,0,0,0,0,0,0,0,0,0,0,0,0,0
rno-miR-3551-5p,0,0,0,0,0,0,0,0,0,0,0,0,0,0,0,0,0,0,0,0,0,0,0,0,0,0,0,0,0,0,0,0,0,0,0,0,0,0,0,0,0,0,0,0,0,0,0,0
rno-miR-3552,0,0,0,0,0,0,0,0,0,0,0,0,0,0,0,0,0,0,0,0,0,0,0,0,0,0,0,0,0,0,0,0,0,0,0,0,0,0,0,0,0,0,0,0,0,0,0,0
rno-miR-3553,0,0,0,0,0,0,0,0,0,0,0,0,0,0,0,0,0,0,0,0,0,0,0,0,0,0,0,0,0,0,0,0,0,0,0,0,0,0,0,0,0,0,0,0,0,0,0,0
rno-miR-3556a,0,0,0,0,0,0,0,0,0,0,0,0,0,0,0,0,0,0,0,0,0,0,0,0,0,0,0,0,0,0,0,0,0,0,0,0,0,0,0,0,0,0,0,0,0,1,0,0
rno-miR-3556b,0,0,0,0,0,0,0,0,0,0,0,0,0,0,0,0,0,0,0,0,0,0,0,0,0,0,0,0,0,0,0,0,0,0,0,0,0,0,0,0,0,0,0,0,0,0,0,0
rno-miR-3557-3p,0,0,0,0,0,0,0,0,1,0,0,0,0,0,0,0,0,0,0,0,0,0,0,0,0,0,0,0,0,0,0,0,0,0,0,0,0,0,0,0,0,0,0,0,0,0,0,0
rno-miR-3557-5p,0,0,0,0,0,0,0,0,0,0,0,0,0,0,0,0,0,0,0,0,0,0,0,0,0,0,0,0,0,0,0,0,0,0,0,0,0,0,0,0,0,0,0,0,0,0,0,0
rno-miR-3558-3p,0,0,1,0,0,0,0,0,0,0,0,0,0,0,1,0,0,0,0,0,0,0,0,0,0,0,0,0,1,0,0,0,0,0,0,0,0,0,0,0,0,0,0,0,0,0,0,0
rno-miR-3558-5p,0,0,0,0,1,0,0,0,0,0,0,0,0,0,0,1,0,1,0,0,1,1,0,0,0,0,0,0,0,0,1,0,1,0,0,0,1,0,0,0,0,0,0,0,0,0,0,0
rno-miR-3559-3p,2,0,5,2,2,1,0,2,0,2,5,4,0,1,4,3,4,4,5,6,2,5,6,0,1,0,2,2,0,8,3,2,1,4,3,4,0,1,4,8,3,0,4,4,1,2,2,7
rno-miR-3559-5p,11,4,27,34,6,8,0,34,25,11,39,64,7,7,31,27,45,107,19,50,23,46,17,25,12,2,11,26,31,45,25,32,11,13,13,45,37,17,27,57,15,9,40,16,19,42,25,77
rno-miR-3560,0,0,0,0,0,0,0,0,0,0,0,0,0,0,0,0,0,0,0,0,0,0,0,0,0,0,0,0,0,0,0,0,0,0,0,0,0,0,0,0,0,0,0,0,0,0,0,0
rno-miR-3561-3p,0,0,0,0,0,0,0,0,0,0,0,0,0,0,0,0,0,0,0,0,0,0,0,0,0,0,0,0,0,0,0,0,0,0,0,0,0,0,0,0,0,0,0,0,0,0,0,0
rno-miR-3561-5p,0,0,0,0,0,0,0,0,0,0,0,0,0,0,0,0,0,0,0,0,0,0,0,0,0,0,0,0,0,0,0,0,0,0,0,0,0,0,0,0,0,0,0,0,0,0,0,0
rno-miR-3562,0,0,0,0,0,0,0,0,0,0,0,0,0,0,0,0,0,0,0,0,0,0,0,0,0,0,0,0,0,0,0,0,0,0,0,0,0,0,0,0,0,0,0,0,0,0,0,0
rno-miR-3564,0,0,0,0,0,0,0,0,0,0,0,0,0,0,0,0,0,0,0,0,0,0,0,0,0,0,0,0,0,0,0,0,0,0,0,0,0,0,0,0,0,0,0,0,0,0,0,0
rno-miR-3566,0,0,0,0,0,0,0,0,0,0,0,0,0,0,0,0,0,0,0,0,0,0,0,0,0,0,0,0,0,0,0,0,0,0,0,0,0,0,0,0,0,0,0,0,0,0,0,0
rno-miR-3568,0,0,0,0,0,0,0,0,0,0,0,0,0,0,0,0,0,0,0,0,0,0,0,0,0,0,0,0,0,0,0,0,0,0,0,0,0,0,0,0,0,0,0,0,0,0,0,0
rno-miR-3569,0,0,0,0,0,0,0,0,0,0,0,1,0,0,0,0,0,0,0,0,0,1,0,0,0,0,0,0,0,0,0,0,0,0,0,0,0,0,0,0,0,0,0,0,0,0,0,0
rno-miR-3570,0,0,0,0,0,0,0,0,0,0,0,0,0,0,0,0,0,0,0,0,0,0,0,0,0,0,0,0,0,0,0,0,0,0,0,0,0,0,0,0,0,0,0,0,0,0,0,0
rno-miR-3571,0,0,0,0,0,0,0,0,0,0,0,0,0,0,0,0,0,0,0,0,0,0,0,0,0,0,0,0,0,0,0,0,0,0,0,0,0,0,0,0,0,0,0,0,0,0,0,0
rno-miR-3572,0,0,0,1,0,0,0,0,0,0,0,0,0,0,0,0,0,0,0,0,0,0,0,0,0,0,0,0,0,0,0,0,0,0,0,0,0,0,0,0,0,0,0,0,0,0,0,0
rno-miR-3573-3p,0,0,0,0,0,0,0,0,0,0,0,0,0,0,0,0,0,0,0,0,0,0,0,0,0,0,0,0,0,0,0,0,0,0,0,0,0,0,0,0,0,0,0,0,0,0,0,0
rno-miR-3573-5p,0,0,0,0,0,0,0,0,2,0,0,0,0,0,0,0,0,0,0,0,0,0,0,0,0,0,0,0,0,0,0,0,0,0,0,1,0,0,0,0,0,0,0,0,0,0,0,0
rno-miR-3574,0,0,0,0,0,0,0,0,0,0,0,0,0,0,0,0,0,0,0,0,0,0,0,0,0,0,0,0,0,0,0,0,0,0,0,0,0,0,0,0,0,0,0,0,0,0,0,0
rno-miR-3575,0,0,0,0,0,0,0,0,0,0,0,0,0,0,0,0,0,0,0,0,0,0,0,0,0,0,0,0,0,0,0,0,0,0,0,0,0,0,0,0,0,0,0,0,0,0,0,0
rno-miR-3576,0,0,0,0,0,0,0,0,0,0,0,0,0,0,0,0,0,0,0,0,0,0,0,0,0,0,0,0,0,0,0,0,0,0,0,0,0,0,0,0,0,0,0,0,0,0,0,0
rno-miR-3577,0,0,0,0,0,0,0,0,0,0,0,1,0,0,2,0,0,0,0,0,0,0,0,0,0,0,0,0,0,0,0,0,0,0,0,1,0,0,0,0,0,0,0,0,0,0,0,0
rno-miR-3578,0,0,0,0,0,0,0,0,0,0,0,0,0,0,0,0,0,0,0,0,0,0,0,0,0,0,0,0,0,0,0,0,0,0,0,0,0,0,0,0,0,0,0,0,0,0,0,0
rno-miR-3579,0,0,0,0,0,0,0,0,0,0,0,0,0,0,0,0,0,0,0,0,0,0,0,0,0,0,0,0,0,0,0,0,0,0,0,0,0,0,0,0,0,0,0,0,0,0,0,0
rno-miR-3580-3p,0,0,0,0,0,0,0,0,0,0,0,0,0,0,0,0,0,0,0,0,0,0,0,0,0,0,0,1,0,0,0,0,0,0,0,0,0,0,0,0,0,0,0,0,0,0,0,0
rno-miR-3580-5p,0,0,0,0,0,0,0,0,0,0,0,0,0,0,0,0,0,0,0,0,0,0,0,0,0,0,0,0,0,0,0,0,0,0,0,0,0,0,0,0,0,0,0,0,0,0,0,0
rno-miR-3583-3p,0,0,0,0,0,0,0,0,0,0,0,0,0,0,0,0,0,0,0,0,0,0,0,0,0,0,0,0,0,0,0,0,0,0,0,0,0,0,0,0,0,0,0,0,0,0,0,0
rno-miR-3583-5p,0,0,0,0,0,0,0,0,0,0,0,1,0,0,0,1,0,0,0,0,0,0,0,0,0,0,0,0,0,0,0,0,0,0,0,0,0,0,0,0,0,0,1,0,0,0,0,0
rno-miR-3584-3p,0,0,0,0,0,0,0,0,0,0,0,0,0,0,0,0,0,0,0,0,0,0,0,2,0,0,0,0,0,0,0,0,0,0,0,0,0,0,0,0,0,0,0,0,0,0,0,0
rno-miR-3584-5p,0,0,0,0,0,0,0,0,0,0,0,0,0,0,0,0,0,0,0,0,0,0,0,0,0,0,0,0,0,0,0,0,0,0,0,0,0,0,0,0,0,0,0,0,0,0,0,0
rno-miR-3585-3p,0,0,0,3,0,0,0,0,1,0,1,0,0,0,1,2,0,0,0,0,1,0,1,0,0,0,0,2,1,1,0,0,1,2,0,2,0,0,0,0,0,0,0,0,0,0,0,0
rno-miR-3585-5p,0,0,1,2,0,0,0,0,0,0,0,0,0,1,3,0,0,0,0,0,1,0,0,0,0,0,0,1,0,0,0,0,0,3,0,2,0,0,0,0,0,0,0,0,0,0,0,0
rno-miR-3586-3p,0,0,0,0,0,0,0,0,0,0,0,0,0,0,0,0,0,0,0,0,0,0,0,0,0,0,0,0,1,0,0,0,0,0,0,0,0,0,0,0,0,0,0,0,0,0,0,0
rno-miR-3586-5p,0,0,0,0,0,0,0,0,0,0,1,0,0,0,0,0,0,0,0,0,0,0,0,0,0,0,0,0,0,0,0,0,0,0,0,0,0,0,0,0,0,0,0,0,0,0,0,0
rno-miR-3587,0,0,0,0,0,0,0,0,0,0,0,0,0,0,0,0,0,0,0,0,0,0,0,0,0,0,0,0,0,0,0,0,0,0,0,0,0,0,0,0,0,0,0,0,0,0,0,0
rno-miR-3588,0,0,0,0,0,0,0,0,0,0,0,0,0,0,0,0,0,0,0,0,0,0,0,0,0,0,0,0,0,0,0,0,0,0,0,0,0,0,0,0,0,0,0,0,0,0,0,0
rno-miR-3589,0,0,0,0,0,0,0,0,0,0,0,0,0,0,0,0,0,0,0,0,0,0,0,0,0,0,0,0,0,0,0,0,0,0,0,0,0,0,0,0,0,0,0,0,0,0,0,0
rno-miR-3590-3p,0,1,1,1,1,6,0,0,0,1,7,4,2,0,0,0,1,0,5,1,0,0,4,1,0,0,1,0,0,1,3,3,2,3,3,3,0,1,2,4,5,2,1,3,2,4,1,2
rno-miR-3590-5p,0,0,0,0,0,0,0,0,0,0,0,0,0,0,0,0,0,0,0,0,0,0,0,0,0,0,0,0,0,0,0,0,0,0,0,0,0,0,0,0,0,0,0,0,0,0,0,0
rno-miR-3592,0,0,0,0,0,0,0,0,0,0,0,0,0,0,0,0,0,0,0,0,0,0,0,0,0,0,0,0,0,0,0,0,0,0,0,0,0,0,0,0,0,0,0,0,0,0,0,0
rno-miR-3593-3p,0,0,0,0,0,0,0,0,0,0,1,0,0,0,0,0,1,0,0,0,0,0,0,0,0,0,0,0,0,0,1,0,0,0,0,0,0,2,0,0,0,0,0,0,0,0,0,0
rno-miR-3593-5p,0,0,0,0,0,0,0,0,0,0,0,0,0,0,0,0,0,0,0,0,1,0,0,0,0,0,0,0,0,0,0,0,0,0,0,0,0,0,0,0,0,0,0,0,0,0,0,0
rno-miR-3594-3p,0,0,0,0,0,0,0,0,0,0,0,0,0,0,0,0,0,0,0,0,0,0,0,0,0,0,0,0,0,0,0,0,0,0,0,0,0,0,0,0,0,0,0,0,0,0,0,0
rno-miR-3594-5p,0,0,0,0,0,0,0,0,0,0,0,0,0,0,0,0,0,0,0,0,0,0,0,0,0,0,0,0,0,0,0,0,0,0,0,0,0,0,0,1,0,1,0,0,0,0,0,0
rno-miR-3595,0,0,0,0,0,0,0,0,0,0,0,0,0,0,0,0,0,0,0,0,0,0,0,0,0,0,0,0,0,0,0,0,0,0,0,0,0,0,0,0,0,0,0,0,0,0,0,0
rno-miR-3596a,0,0,0,0,0,0,0,0,0,0,1,0,0,0,0,0,0,0,0,0,0,0,0,0,0,0,1,0,0,0,0,0,0,0,0,0,0,0,0,0,0,0,0,0,0,0,0,0
rno-miR-3596b,0,0,0,0,0,0,0,0,0,0,0,0,0,0,0,0,0,0,0,0,0,0,0,0,0,0,0,0,0,0,0,0,0,0,0,0,0,0,0,0,0,0,0,0,0,0,0,0
rno-miR-3596c,0,0,0,0,0,0,0,0,0,0,0,0,0,0,0,0,0,0,0,0,0,0,0,0,0,0,0,0,0,0,0,0,0,0,0,0,0,0,0,0,0,0,0,0,0,0,0,0
rno-miR-3596d,0,0,0,0,0,0,0,0,0,0,0,0,0,0,0,0,0,0,0,0,0,0,0,0,0,0,0,0,0,0,0,0,0,0,0,0,0,0,0,0,0,0,0,0,0,0,0,0
rno-miR-361-3p,39,14,15,183,0,3,13,3,2,1,3,68,0,10,190,115,0,1,9,4,1,3,4,5,17,2,10,34,15,2,3,0,4,2,2,3,3,24,28,4,2,1,2,2,2,5,2,5
rno-miR-361-5p,49,25,26,242,40,60,11,229,93,46,62,177,1,20,265,132,160,227,53,132,46,63,109,49,25,6,13,115,20,220,106,56,54,52,81,60,79,30,75,35,94,15,105,39,38,122,35,191
rno-miR-362-3p,73,44,30,107,30,57,3,81,85,44,78,191,7,11,152,100,72,56,81,30,10,41,56,34,34,19,39,66,68,83,55,44,55,76,53,51,54,37,109,23,22,13,43,30,27,33,29,81
rno-miR-362-5p,8,11,2,15,0,1,0,3,2,1,4,37,3,5,22,15,1,1,2,0,0,1,0,0,8,2,8,17,10,1,2,1,0,1,0,0,0,3,12,2,1,0,0,0,1,0,0,0
rno-miR-363-3p,62,29,35,30,16,43,0,105,54,25,42,91,2,17,69,64,34,52,35,32,21,24,86,35,26,5,24,34,36,82,33,26,40,22,45,29,28,32,71,31,46,10,61,35,20,49,27,116
rno-miR-363-5p,0,0,0,0,0,0,0,0,0,0,0,0,0,0,0,0,0,0,0,0,0,1,0,0,0,0,0,0,0,1,0,0,0,0,0,0,0,0,0,0,0,0,0,0,0,0,0,1
rno-miR-365-3p,47,38,23,428,4,4,13,4,12,1,21,115,7,33,776,340,9,10,9,5,3,8,12,3,10,4,9,116,20,11,3,5,6,4,7,13,3,28,55,8,9,1,1,2,12,13,5,18
rno-miR-365-5p,0,0,2,1,0,0,0,0,1,0,0,0,0,0,3,3,2,1,0,0,1,0,0,0,0,0,0,0,1,0,0,0,0,1,0,1,0,0,0,0,0,0,0,0,1,0,0,2
rno-miR-369-3p,9,3,3,12,0,0,1,0,1,0,0,16,2,1,85,6,0,1,0,2,0,0,0,1,4,0,2,4,6,1,0,0,0,0,0,1,0,7,37,0,1,0,1,0,1,2,1,2
rno-miR-369-5p,6,6,9,18,0,0,1,0,0,0,0,7,1,3,38,5,0,0,0,0,1,0,0,0,5,2,4,4,2,0,0,0,0,0,0,1,0,10,35,0,0,0,0,0,0,0,0,0
rno-miR-370-3p,0,0,1,0,0,0,0,0,0,0,0,1,0,0,2,1,0,0,0,0,0,0,0,0,0,0,0,3,0,0,0,0,0,0,0,0,0,1,0,0,0,0,0,0,0,0,0,0
rno-miR-370-5p,0,0,0,0,0,0,0,0,0,0,0,0,0,0,0,0,0,0,0,0,0,0,0,0,0,0,0,0,0,0,0,0,0,0,0,0,0,0,1,0,0,0,0,0,0,0,0,0
rno-miR-374-3p,1,2,1,0,0,0,0,0,0,0,1,10,0,0,16,4,0,0,1,0,0,1,0,2,1,0,2,1,3,0,0,1,0,1,0,0,0,1,4,0,0,0,0,1,0,0,0,0
rno-miR-374-5p,1,14,1,37,1,0,0,0,0,0,4,13,3,5,110,31,2,2,4,2,1,2,2,0,5,0,1,13,1,3,0,1,2,0,0,1,0,2,2,3,1,0,2,3,3,1,0,2
rno-miR-375-3p,12,2,18,20,75,75,3,114,122,94,22,15,2,3,72,75,206,85,90,105,24,230,235,56,3,0,8,21,3,549,86,74,362,86,352,23,36,10,20,100,363,114,66,88,133,179,290,324
rno-miR-375-5p,0,0,0,0,0,0,0,0,0,0,0,0,0,0,0,0,0,0,0,0,0,0,0,0,0,0,0,0,0,0,0,0,0,0,0,0,0,0,0,0,0,0,0,0,0,0,0,0
rno-miR-376a-3p,29,21,12,28,1,0,2,1,9,0,0,51,4,13,68,32,0,3,0,0,0,2,3,1,1,7,9,20,25,1,3,0,0,0,1,1,1,6,30,0,0,0,2,0,0,0,0,1
rno-miR-376a-5p,0,0,0,3,0,0,0,0,0,0,0,1,0,0,0,0,0,0,0,0,0,0,0,0,0,0,0,1,0,0,0,0,0,0,0,0,0,0,2,0,0,0,0,0,0,0,0,0
rno-miR-376b-3p,1,0,0,2,0,0,0,1,1,0,1,3,0,0,6,8,1,2,1,0,0,0,0,0,0,0,0,3,2,1,2,0,0,0,0,0,0,0,2,0,0,0,0,0,1,0,0,0
rno-miR-376b-5p,3,2,1,13,0,0,0,0,0,0,0,17,1,2,18,6,0,0,0,0,0,0,0,0,1,0,1,13,1,0,0,0,0,0,0,0,0,7,21,0,0,0,0,0,0,0,0,0
rno-miR-376c-3p,7,3,3,39,0,0,3,1,1,1,3,18,1,6,82,30,1,1,0,1,0,3,1,0,4,2,4,17,6,0,1,1,1,0,3,0,1,3,26,1,1,0,0,0,1,0,0,0
rno-miR-376c-5p,0,0,0,0,0,0,0,0,0,0,0,0,0,0,0,0,0,0,0,0,0,0,0,0,0,0,0,0,0,0,0,0,0,0,0,0,0,0,0,0,0,0,0,0,0,0,0,0
rno-miR-377-3p,0,1,0,1,0,0,0,0,0,0,0,2,0,0,1,0,0,0,0,0,0,0,0,0,1,0,0,1,1,0,0,0,0,0,0,0,0,0,3,0,0,0,0,0,0,0,0,0
rno-miR-377-5p,1,0,0,0,0,0,0,0,0,0,0,1,0,0,0,0,0,0,0,0,0,0,0,0,1,0,0,0,0,0,0,0,0,0,0,0,0,0,0,0,0,0,0,0,0,0,0,0
rno-miR-378a-3p,7146,3682,4776,17934,333,365,901,734,951,590,633,25584,844,3405,29671,5775,1086,897,398,645,576,540,705,336,4662,982,6128,3667,4063,2115,710,516,752,621,677,1028,449,7737,12449,398,426,216,479,271,398,517,360,835
rno-miR-378a-5p,140,60,42,1400,1,1,68,1,12,4,12,441,8,68,1593,623,6,8,4,2,4,4,15,4,45,18,55,242,42,6,2,5,7,3,4,20,4,72,91,3,5,0,3,2,3,5,5,7
rno-miR-378b,26,19,18,77,1,0,4,3,2,3,3,122,6,12,111,17,4,1,1,1,0,0,2,5,22,16,23,9,24,8,2,0,2,1,1,6,3,33,47,0,0,1,1,0,1,0,1,2
rno-miR-379-3p,4,4,2,10,0,0,0,0,0,0,0,6,0,2,20,10,0,1,0,0,0,0,0,0,1,2,1,9,3,0,0,0,0,0,0,0,0,2,6,0,0,0,0,0,1,0,0,0
rno-miR-379-5p,4,1,1,6,0,0,0,0,0,0,0,15,0,0,3,4,0,1,0,0,0,1,0,0,2,1,1,3,3,0,0,0,0,0,0,0,0,5,7,0,0,0,1,0,1,0,0,0
rno-miR-380-3p,0,2,1,4,0,0,0,0,0,0,0,6,0,0,8,3,0,0,0,0,1,0,0,0,1,1,0,7,0,0,1,0,1,0,0,0,0,1,1,0,0,0,0,0,0,0,0,0
rno-miR-380-5p,1,0,1,2,0,0,0,0,0,0,0,3,0,0,1,0,0,0,0,0,0,0,0,0,0,0,0,0,1,0,0,0,0,0,0,0,0,1,4,0,0,0,0,0,0,0,0,0
rno-miR-381-3p,0,0,1,0,0,0,0,0,0,0,0,1,0,0,3,0,0,0,0,0,0,0,0,0,0,0,0,0,1,0,0,0,0,0,0,0,0,0,3,0,0,0,0,0,0,0,0,1
rno-miR-381-5p,0,0,0,0,0,0,0,0,0,0,0,0,0,0,0,0,0,0,0,0,0,0,0,0,0,0,0,0,0,0,0,0,0,0,0,0,0,0,0,0,0,0,0,0,0,0,0,0
rno-miR-382-3p,5,2,3,6,0,0,0,0,1,1,0,18,1,2,31,7,0,1,0,2,1,0,0,0,8,3,5,5,4,0,0,0,1,0,0,1,0,4,57,0,1,0,0,2,0,0,0,0
rno-miR-382-5p,24,6,10,40,0,1,0,2,0,0,1,39,2,15,119,38,0,0,0,0,3,1,0,1,18,1,11,23,3,0,0,3,0,1,0,7,1,105,205,3,2,2,1,0,5,0,1,3
rno-miR-383-3p,0,0,0,0,0,0,0,0,0,0,0,0,0,0,0,0,0,1,0,0,0,0,0,1,0,0,0,0,0,2,0,0,0,1,1,0,0,0,0,0,0,0,0,1,0,0,0,0
rno-miR-383-5p,1,1,4,3,1,1,0,15,4,2,4,7,0,0,12,6,3,8,8,7,0,3,4,6,1,1,2,3,2,7,5,4,5,1,7,3,3,6,3,4,3,0,3,4,2,6,3,18
rno-miR-384-3p,1,0,1,2,0,0,0,0,0,0,1,2,2,0,11,2,0,0,0,0,0,0,0,0,0,0,0,1,1,0,0,0,1,0,0,0,0,0,0,0,0,0,0,0,0,0,0,0
rno-miR-384-5p,3,5,3,9,0,0,0,0,0,0,0,8,0,1,23,5,0,0,0,0,1,1,0,0,3,1,1,4,2,0,0,0,0,0,0,0,2,4,5,0,1,0,0,0,0,0,0,1
rno-miR-409a-3p,0,2,2,13,0,0,1,0,0,0,0,3,0,1,16,10,0,0,0,0,0,2,0,0,0,0,1,1,3,0,0,1,0,0,1,1,0,8,14,0,0,0,0,0,1,0,0,0
rno-miR-409a-5p,5,1,3,16,0,0,1,0,1,0,1,8,1,1,23,4,0,0,0,0,0,0,0,0,3,2,1,1,0,0,0,0,0,0,0,0,0,11,29,0,0,0,0,0,0,0,0,0
rno-miR-409b,0,0,0,0,0,0,0,0,0,0,0,0,0,0,0,0,0,0,0,0,0,0,0,0,0,0,0,0,0,0,0,0,0,0,0,0,0,0,0,0,0,0,0,0,0,0,0,0
rno-miR-410-3p,3,1,9,15,0,1,0,0,0,0,0,17,0,0,37,16,1,0,0,0,0,0,2,0,5,0,5,3,4,0,1,1,0,0,0,1,0,10,53,0,0,0,0,0,0,0,0,0
rno-miR-410-5p,0,0,0,0,0,0,0,0,0,0,0,0,0,0,0,0,0,0,0,0,0,0,0,0,0,0,0,0,0,0,0,0,0,0,0,0,0,0,1,0,0,0,0,0,0,0,0,0
rno-miR-411-3p,6,9,4,22,1,0,3,0,0,0,0,20,0,3,33,28,0,0,0,0,0,0,0,0,1,2,4,14,1,0,0,0,0,0,0,0,0,4,17,0,0,0,0,0,1,0,0,0
rno-miR-411-5p,72,33,49,127,1,0,6,1,0,0,1,220,2,23,169,95,1,1,0,0,3,0,0,2,36,9,48,77,27,0,1,0,1,2,0,4,0,78,293,2,1,0,0,1,1,0,0,1
rno-miR-412-3p,0,0,0,0,0,0,0,0,0,0,0,0,0,0,0,0,0,0,0,0,0,0,0,0,0,0,0,0,0,0,0,0,0,0,0,0,0,0,0,0,0,0,0,0,0,0,0,0
rno-miR-412-5p,0,0,1,1,0,0,0,0,0,0,0,0,0,0,0,0,0,0,0,0,0,0,0,0,0,0,0,0,0,1,0,0,0,0,0,0,0,1,0,0,0,0,0,0,0,0,0,0
rno-miR-421-3p,17,14,18,41,10,4,0,19,8,2,15,38,0,10,61,33,13,30,22,15,5,14,19,10,14,3,11,21,11,28,12,12,9,7,13,12,8,16,38,25,20,3,15,11,9,19,5,35
rno-miR-421-5p,0,1,1,2,0,0,0,1,0,0,0,4,0,0,5,0,0,0,0,1,0,0,0,0,0,0,1,1,0,0,0,0,0,0,0,0,0,0,1,0,0,0,0,0,0,1,0,0
rno-miR-423-3p,119,44,129,1227,112,114,44,242,236,120,278,217,13,55,1766,1160,119,294,263,251,112,209,328,148,71,13,55,211,44,383,189,160,212,146,285,288,101,159,387,299,237,66,216,168,196,247,131,482
rno-miR-423-5p,80,33,55,436,190,181,25,706,334,171,230,205,2,38,613,321,462,822,380,552,195,408,517,188,30,5,33,154,20,1116,511,243,446,323,473,244,240,90,176,202,381,92,623,275,170,539,258,1090
rno-miR-425-3p,37,23,30,61,48,54,4,372,124,63,150,94,2,8,43,52,169,307,106,132,47,38,134,60,6,3,15,29,12,246,118,85,65,58,73,71,149,15,10,45,75,13,195,59,29,154,38,224
rno-miR-425-5p,353,150,154,804,168,303,39,1094,556,362,647,1097,6,94,1034,710,541,819,473,545,105,387,653,318,89,30,149,477,189,890,470,249,431,327,513,352,516,179,338,244,384,111,564,312,198,671,227,1227
rno-miR-429,3,2,2,24,21,14,2,10,6,14,9,10,0,11,0,1,10,46,14,15,30,22,38,20,4,0,28,0,1,39,7,12,44,8,17,51,10,1,8,32,24,18,7,11,85,12,21,22
rno-miR-431,2,1,4,10,1,1,2,0,1,0,2,11,0,1,10,5,1,0,0,0,0,0,1,0,0,0,1,4,0,0,0,0,0,0,0,2,1,1,6,1,0,0,0,0,2,0,0,0
rno-miR-433-3p,1,0,0,9,0,0,0,1,2,0,0,3,0,0,9,12,0,1,0,0,0,0,0,0,1,0,2,3,0,0,0,0,0,0,0,0,0,0,1,0,0,0,0,0,0,0,0,0
rno-miR-433-5p,1,0,0,1,0,0,0,0,0,0,0,2,0,0,4,2,0,0,0,0,0,0,0,0,0,0,1,0,1,0,0,0,0,0,0,0,0,1,3,0,0,0,0,0,0,0,0,0
rno-miR-434-3p,26,14,20,240,6,0,6,0,2,0,4,168,18,24,672,202,0,12,0,2,4,0,2,0,32,18,34,124,28,2,2,2,0,2,0,6,0,110,460,0,2,2,0,0,4,2,2,8
rno-miR-434-5p,14,6,6,18,0,0,0,0,0,0,0,30,8,4,66,24,0,0,0,0,0,0,0,0,12,0,6,2,12,0,0,0,0,0,0,0,0,10,68,0,0,2,0,0,2,0,0,0
rno-miR-448-3p,0,0,0,0,0,0,0,0,0,0,0,0,0,0,0,0,0,0,0,0,0,0,0,0,0,0,0,0,0,0,0,0,0,0,0,0,0,0,0,0,0,0,0,0,0,0,0,0
rno-miR-448-5p,0,0,0,0,0,0,0,0,0,0,0,0,0,0,0,0,0,0,0,0,0,0,0,0,0,0,0,0,0,0,0,0,0,0,0,0,0,0,0,0,0,0,0,0,0,0,0,0
rno-miR-449a-3p,0,0,0,0,0,0,0,0,0,0,0,0,0,0,0,0,0,0,0,0,0,0,0,0,0,0,0,0,0,0,0,0,0,0,0,0,0,0,0,0,0,0,0,0,0,0,0,0
rno-miR-449a-5p,38,33,24,30,5,6,0,2,1,4,5,116,0,10,64,75,3,2,5,4,0,3,4,2,7,0,18,36,22,3,7,6,7,1,4,3,8,21,13,4,1,1,1,0,1,3,0,5
rno-miR-449c-3p,0,0,0,0,0,0,0,0,0,0,0,0,0,0,0,0,0,0,0,0,0,0,0,0,0,0,0,0,0,0,0,0,0,0,0,0,0,0,0,0,0,0,0,0,0,0,0,0
rno-miR-449c-5p,5,2,2,4,0,0,1,0,0,0,1,27,2,2,13,9,0,1,0,0,0,0,0,0,1,0,4,3,3,1,0,1,0,0,0,0,0,13,9,0,0,0,0,0,0,0,0,0
rno-miR-450a-3p,0,0,0,0,0,0,0,0,0,0,0,1,0,0,1,0,0,0,0,0,0,0,0,0,0,0,0,0,0,0,0,0,0,0,0,0,0,0,0,0,0,0,0,0,0,0,0,0
rno-miR-450a-5p,257,117,134,246,2,6,14,15,20,4,24,405,12,84,1103,244,5,11,11,5,1,2,78,11,128,21,124,91,123,14,3,20,12,10,9,62,4,297,417,16,24,4,0,9,30,16,23,48
rno-miR-450b-3p,6,0,6,42,0,4,0,2,10,2,4,36,0,4,74,26,4,6,2,2,0,0,6,0,2,0,2,24,4,2,6,4,4,4,0,0,6,12,20,4,0,4,0,2,4,6,2,10
rno-miR-450b-5p,14,18,10,26,0,0,2,2,4,0,2,54,8,8,138,18,0,2,0,0,0,0,6,2,12,10,10,16,18,0,0,0,2,0,0,2,0,10,22,0,0,0,0,0,2,0,2,2
rno-miR-451-3p,1,0,0,0,0,0,0,0,2,0,3,3,1,0,2,0,0,1,3,0,0,0,2,1,0,0,1,0,2,1,5,1,1,1,0,0,0,0,0,2,0,0,0,1,0,0,0,1
rno-miR-451-5p,1697,1598,1193,2107,690,1854,97,1336,2757,1010,23066,4309,106,648,4464,4332,866,1050,15932,718,1296,1476,6448,1928,694,316,939,2098,1499,1606,1160,8125,2795,3242,2355,11415,1314,559,1442,8222,2670,956,1106,6492,2358,2852,1554,5011
rno-miR-452-3p,1,0,0,1,0,1,0,0,2,0,0,3,0,0,12,5,0,0,0,0,2,0,0,0,0,0,0,1,3,0,0,0,0,1,0,2,0,1,3,2,0,1,0,0,0,0,1,0
rno-miR-452-5p,14,4,6,18,2,0,2,0,8,0,6,31,0,4,65,21,0,4,3,1,5,1,0,4,7,2,8,8,16,0,1,0,1,1,1,14,0,18,17,3,1,2,0,0,5,0,0,0
rno-miR-455-3p,40,13,10,472,2,5,21,6,5,7,7,99,1,5,393,826,0,2,7,4,0,4,6,16,14,5,4,233,11,4,13,6,4,3,1,15,6,14,20,1,6,1,6,2,9,7,7,13
rno-miR-455-5p,118,74,51,127,0,10,6,8,7,3,12,272,8,24,178,187,5,11,3,3,0,3,10,6,30,13,39,153,54,6,14,4,9,5,0,4,13,43,96,2,1,0,2,3,1,7,2,22
rno-miR-463-3p,0,0,0,0,0,0,0,0,0,0,0,0,0,0,0,0,0,0,0,0,0,0,0,0,0,0,0,0,0,0,0,0,0,0,0,0,0,0,0,0,0,0,0,0,0,0,0,0
rno-miR-463-5p,0,0,0,0,0,0,0,0,0,0,0,0,0,0,0,0,0,0,0,0,0,0,0,0,0,0,0,0,0,0,0,0,0,0,0,0,0,0,0,0,0,0,0,0,0,0,0,0
rno-miR-465-3p,0,0,0,0,0,0,0,0,0,0,0,0,0,0,0,0,0,0,0,0,0,0,0,0,0,0,0,0,0,0,0,0,0,0,0,0,0,0,0,0,0,0,0,0,0,0,0,0
rno-miR-465-5p,0,0,0,0,0,0,0,0,0,0,0,0,0,0,0,0,0,0,0,0,0,0,0,0,0,0,0,0,0,0,0,0,0,0,0,0,0,0,0,0,0,0,0,0,0,0,0,0
rno-miR-466b-2-3p,0,0,0,0,0,0,0,0,0,0,0,0,0,0,0,0,0,2,0,0,0,0,0,0,0,0,0,0,0,0,0,0,0,0,0,0,0,0,0,0,0,0,0,0,0,0,0,0
rno-miR-466b-3p,0,0,0,2,0,0,0,0,0,0,0,0,0,0,2,2,0,2,0,0,0,0,0,0,0,0,0,0,0,0,2,0,0,0,0,0,0,0,0,0,0,0,0,0,0,0,0,0
rno-miR-466b-4-3p,0,0,0,0,0,0,0,0,0,0,0,0,0,0,0,0,0,2,0,0,0,0,0,0,0,0,0,0,0,0,0,0,0,0,0,0,0,0,0,0,0,0,0,0,0,0,0,0
rno-miR-466b-5p,8,4,4,24,0,0,0,16,16,0,8,12,0,0,12,8,8,12,0,12,0,4,8,4,0,0,0,20,0,4,12,8,4,4,4,0,8,0,4,0,4,0,8,4,4,4,0,16
rno-miR-466c-3p,0,0,0,0,0,0,0,0,0,0,0,0,0,0,0,0,0,1,0,0,0,0,0,0,0,0,0,0,0,0,0,0,0,0,0,0,0,0,0,0,0,0,0,0,0,0,0,0
rno-miR-466c-5p,3,1,1,9,1,2,0,2,0,1,3,23,0,2,16,9,3,2,2,0,0,1,1,2,0,0,2,9,3,6,5,2,2,0,3,0,4,1,4,0,0,1,2,3,1,4,0,1
rno-miR-466d,0,0,0,0,0,0,0,0,0,0,0,0,0,0,0,0,0,0,0,0,0,0,0,0,0,0,0,0,0,0,0,0,0,0,0,0,0,0,0,0,0,0,0,0,0,0,0,0
rno-miR-471-3p,0,0,0,0,0,0,0,0,0,0,0,0,0,0,0,0,0,0,0,0,0,0,0,0,0,0,0,0,0,0,0,0,0,0,0,0,0,0,0,0,0,0,0,0,0,0,0,0
rno-miR-471-5p,0,0,0,0,0,0,0,0,0,0,0,0,0,0,0,0,0,0,0,0,0,0,0,0,0,0,0,0,0,0,0,0,0,0,0,0,0,0,0,0,0,0,0,0,0,0,0,0
rno-miR-483-3p,1,0,0,9,0,0,1,0,1,0,1,1,0,0,12,8,0,0,0,0,0,0,0,0,0,0,0,9,0,0,0,0,1,0,0,0,1,0,1,0,0,0,0,0,0,0,0,0
rno-miR-483-5p,2,1,0,3,1,0,0,0,3,0,1,1,0,2,6,4,1,1,1,1,0,0,1,0,1,0,1,1,0,0,1,0,1,0,0,1,0,2,4,0,0,0,0,0,0,0,0,0
rno-miR-484,18,2,7,138,50,68,7,194,128,86,162,81,1,5,145,179,206,246,103,184,25,113,94,86,8,2,11,80,9,286,180,86,135,82,154,43,207,9,28,40,112,37,147,96,30,157,42,256
rno-miR-485-3p,0,0,0,2,0,0,0,0,0,0,0,0,0,0,1,1,0,0,0,0,0,0,0,0,0,0,0,2,0,0,0,0,0,0,0,0,0,1,0,0,0,0,0,0,0,0,1,0
rno-miR-485-5p,0,0,0,0,0,0,0,0,0,0,0,0,0,0,5,0,0,1,0,0,0,0,0,0,0,0,0,1,0,0,0,0,0,0,0,0,0,0,0,0,0,0,0,0,0,0,0,0
rno-miR-486,511,214,687,3857,2237,2691,187,1852,3042,3114,8535,1815,268,251,2787,2076,1470,6170,10128,3495,4319,6787,3901,6588,321,145,772,1221,265,2137,4930,6111,3739,7078,9489,5986,5159,1002,1643,9938,4347,3596,5996,8720,3264,4404,2473,7136
rno-miR-487b-3p,13,9,16,46,1,0,1,0,0,0,1,38,0,4,91,20,2,5,1,0,2,0,3,2,8,1,5,12,13,0,2,1,0,1,0,2,0,26,145,4,1,0,2,2,4,1,0,5
rno-miR-487b-5p,0,0,0,1,0,0,0,0,0,0,0,0,0,0,1,0,0,0,0,0,0,0,0,0,0,0,0,0,0,0,0,0,0,0,0,0,0,0,0,0,0,0,0,0,0,0,0,0
rno-miR-488-3p,4,2,2,1,0,0,0,1,1,0,0,6,0,3,6,3,0,0,0,0,0,1,1,0,2,0,2,1,2,1,0,0,0,0,0,0,0,1,4,0,1,0,0,1,0,0,0,3
rno-miR-488-5p,0,0,0,0,0,0,0,0,0,0,0,0,0,0,0,0,0,1,0,0,1,0,0,0,0,0,0,0,0,0,0,0,0,0,0,0,0,0,0,0,0,0,0,0,0,0,0,0
rno-miR-489-3p,2,3,3,16,0,0,0,0,0,1,0,13,1,0,12,8,0,1,0,0,0,0,0,0,3,1,1,7,5,2,1,0,0,0,0,2,1,0,0,0,0,0,0,0,0,1,0,0
rno-miR-489-5p,5,2,4,3,0,0,0,2,0,0,1,11,0,2,13,5,0,0,0,0,1,0,0,0,5,0,2,2,3,0,0,1,0,0,0,2,0,4,7,0,0,0,0,0,1,0,0,0
rno-miR-490-3p,0,0,0,1,0,0,0,0,1,0,6,0,1,0,2,3,0,1,1,0,0,0,0,3,0,0,0,3,0,0,0,0,0,0,0,0,0,0,0,1,0,0,0,0,0,0,0,0
rno-miR-490-5p,0,0,0,0,0,0,0,0,0,0,1,0,0,0,1,0,0,0,1,0,0,1,0,2,0,0,0,0,0,0,1,0,0,2,0,1,0,0,0,0,0,0,0,0,0,0,0,0
rno-miR-493-3p,0,0,0,2,0,0,0,0,0,0,0,0,0,0,1,0,0,0,0,0,0,0,0,0,0,0,0,0,0,0,0,0,0,0,0,0,0,0,0,0,0,0,0,0,0,0,0,0
rno-miR-493-5p,0,0,0,0,0,0,0,0,0,0,0,1,0,1,1,1,0,0,0,0,0,0,0,0,0,0,0,0,0,0,0,0,0,0,0,0,1,0,0,0,0,0,0,0,0,0,0,0
rno-miR-494-3p,1,3,1,6,0,0,0,0,0,0,0,4,0,2,9,7,0,1,0,0,0,0,0,0,1,0,1,7,1,1,1,0,0,0,0,0,1,1,6,0,0,0,0,0,1,0,0,1
rno-miR-494-5p,0,0,0,0,0,0,0,0,0,0,0,0,0,0,0,0,0,0,0,0,0,0,0,0,0,0,0,0,0,0,0,0,0,0,0,0,0,0,1,0,0,0,0,0,0,0,0,0
rno-miR-495,0,0,0,1,0,0,0,0,1,0,0,0,0,0,2,1,0,0,0,0,0,0,0,0,0,0,0,2,0,0,0,0,0,0,0,0,0,0,0,0,0,0,0,0,0,0,0,0
rno-miR-496-3p,0,0,0,0,0,0,0,0,0,0,0,1,0,0,4,1,0,0,0,0,0,0,0,0,0,0,0,2,0,0,0,0,0,0,0,0,0,0,2,0,0,0,0,0,0,0,0,0
rno-miR-496-5p,0,0,0,0,0,0,0,0,0,0,0,0,0,0,0,0,0,0,0,0,0,0,0,0,0,0,0,0,0,0,0,0,0,0,0,0,0,0,0,0,0,0,0,0,0,0,0,0
rno-miR-497-3p,9,1,0,2,0,0,1,0,0,0,0,11,0,0,4,6,0,0,0,0,0,0,0,1,2,1,0,3,5,0,0,0,0,0,0,1,0,0,1,0,0,0,0,0,0,0,0,0
rno-miR-497-5p,3914,2276,989,7334,35,62,396,81,233,122,280,7469,89,876,8058,5778,17,181,75,118,73,26,275,92,811,251,1278,5511,1707,42,52,126,60,167,65,476,100,887,1873,78,68,52,27,21,293,55,106,186
rno-miR-499-3p,28,20,14,68,0,0,2,0,3,0,1,117,1,21,68,22,0,0,0,0,1,0,0,1,9,3,17,23,30,0,0,0,0,0,0,3,0,10,27,2,0,0,0,0,1,0,0,0
rno-miR-499-5p,38,21,18,173,0,1,12,0,17,0,34,124,14,25,345,67,0,1,2,1,2,1,6,4,18,3,16,48,25,1,2,6,1,11,0,18,0,12,22,2,0,1,1,0,7,2,1,0
rno-miR-500-3p,39,26,16,152,25,18,5,43,60,19,55,84,0,19,127,115,38,32,37,21,17,31,40,15,5,1,9,73,17,61,46,31,31,45,43,35,19,13,29,17,18,11,28,13,16,25,10,60
rno-miR-500-5p,1,0,0,0,0,0,0,0,0,0,0,1,0,0,1,1,0,0,0,0,0,0,0,0,0,0,0,0,2,0,0,0,0,0,0,0,0,0,1,0,0,0,0,0,0,0,0,0
rno-miR-501-3p,1,0,1,13,3,7,1,7,6,2,5,4,1,2,22,10,2,5,8,6,3,4,10,2,3,0,4,5,4,8,0,9,4,3,8,8,2,1,11,13,5,6,10,8,5,8,4,14
rno-miR-501-5p,0,1,0,1,0,0,0,0,1,0,0,1,0,0,1,1,0,1,0,0,0,0,0,1,0,0,0,2,1,0,0,0,0,0,0,0,0,0,0,0,1,1,0,2,0,0,0,0
rno-miR-503-3p,26,4,6,66,6,6,2,14,20,12,8,66,0,2,102,46,10,16,4,8,2,6,8,10,14,2,16,16,4,6,10,0,8,12,10,10,4,16,36,2,2,4,6,4,0,12,8,26
rno-miR-503-5p,8,8,12,20,2,4,4,4,4,8,2,54,0,2,24,30,10,2,6,0,4,4,4,4,8,0,4,38,4,12,4,2,4,2,4,6,8,6,12,0,2,2,2,2,2,0,0,6
rno-miR-504,4,2,0,48,0,0,3,0,0,0,2,8,1,1,89,41,0,1,0,0,0,1,0,0,2,1,1,7,2,0,0,0,1,0,0,1,1,2,1,0,1,0,0,0,2,0,0,0
rno-miR-505-3p,157,57,93,398,20,23,21,51,30,42,86,313,4,53,401,244,16,57,139,31,75,36,63,51,67,19,73,144,63,42,24,56,22,41,40,100,26,110,166,104,43,29,39,54,57,62,30,71
rno-miR-505-5p,1,0,0,3,0,0,0,0,0,0,1,4,0,1,1,3,0,0,0,0,0,0,0,0,1,0,0,1,0,0,0,1,0,1,0,0,1,0,1,2,0,0,0,1,0,0,0,2
rno-miR-509-3p,0,0,0,0,0,0,0,0,0,0,0,0,0,0,0,0,0,1,0,0,0,0,0,0,0,0,0,0,0,0,0,0,0,0,0,0,0,0,0,0,0,0,0,0,0,0,0,0
rno-miR-509-5p,0,0,0,0,0,0,0,0,0,0,0,0,0,0,1,0,0,0,0,0,0,0,0,0,0,0,0,0,0,0,0,0,0,0,0,0,0,0,0,0,0,0,0,0,0,0,0,0
rno-miR-511-3p,30,47,9,65,7,14,2,16,22,5,15,65,4,13,122,59,10,16,7,8,1,5,15,2,10,3,18,47,47,17,15,8,14,15,11,26,7,9,33,5,6,3,5,2,4,4,7,17
rno-miR-511-5p,0,0,2,0,1,1,0,0,0,0,0,2,0,0,0,1,1,0,0,0,0,0,0,0,0,0,3,1,0,0,0,0,0,0,0,0,1,0,0,0,0,0,0,0,0,0,0,0
rno-miR-5132-3p,0,0,0,1,0,0,0,0,0,0,0,0,0,0,0,1,1,0,0,0,0,0,0,0,0,0,0,0,0,0,0,0,0,0,0,0,0,0,0,0,0,1,0,0,0,1,0,0
rno-miR-5132-5p,1,0,0,0,1,0,0,0,0,0,2,0,0,0,0,2,0,1,0,0,0,0,0,1,0,0,0,1,0,1,1,0,0,1,0,0,0,0,0,1,0,0,0,0,0,0,2,1
rno-miR-532-3p,6,2,4,25,3,2,2,1,5,1,7,15,1,2,16,33,11,12,1,10,5,11,5,2,1,0,2,21,1,3,6,2,5,3,6,2,7,0,3,3,4,1,1,1,2,5,2,7
rno-miR-532-5p,259,126,204,314,15,31,17,131,39,41,37,595,106,89,399,207,45,95,66,56,56,47,99,64,221,111,288,143,241,71,46,36,53,27,55,123,59,370,660,106,45,20,78,38,52,81,41,172
rno-miR-539-3p,0,0,1,0,0,0,0,0,0,0,0,0,0,0,1,0,0,0,0,0,0,0,0,0,0,0,0,0,0,0,0,0,0,0,0,0,0,0,0,0,0,0,0,0,0,0,0,0
rno-miR-539-5p,20,13,7,21,0,0,0,0,0,0,0,33,0,5,65,6,0,0,0,0,0,0,0,0,6,0,10,9,2,0,0,0,0,0,0,1,0,42,98,0,0,0,0,0,0,0,0,0
rno-miR-540-3p,2,1,1,8,0,0,0,0,0,0,0,3,0,1,7,4,0,0,0,0,0,0,0,0,1,0,0,2,0,0,0,0,0,0,0,0,0,3,5,0,0,0,0,0,1,0,0,0
rno-miR-540-5p,1,1,1,4,0,0,0,0,0,0,0,5,0,6,10,2,0,0,0,0,0,0,0,0,2,1,0,0,2,0,0,0,0,0,0,0,0,2,2,0,0,0,0,0,0,0,0,0
rno-miR-541-3p,0,0,0,1,0,0,0,0,0,0,0,0,0,0,3,0,0,0,0,0,0,0,0,0,0,0,0,0,0,0,0,0,0,0,0,1,0,2,1,0,0,0,0,0,0,0,0,0
rno-miR-541-5p,4,4,4,20,0,0,2,0,0,0,0,29,0,3,35,16,0,0,0,0,0,0,1,0,4,1,3,10,4,0,0,0,0,0,0,1,0,9,51,1,0,0,0,0,0,0,0,2
rno-miR-542-3p,99,78,51,102,12,15,0,21,48,24,27,453,3,63,294,168,18,42,3,27,6,12,39,27,78,21,54,126,144,18,15,21,12,24,24,24,21,156,234,12,30,0,9,0,30,33,9,63
rno-miR-542-5p,30,21,12,138,15,18,9,60,24,9,24,87,0,9,129,111,21,39,12,27,6,9,24,12,9,0,0,78,9,24,45,6,6,21,21,27,27,9,21,18,3,3,15,0,33,15,0,39
rno-miR-543-3p,5,3,5,5,0,0,0,0,0,0,0,11,0,0,30,9,0,0,0,0,0,1,0,0,1,0,2,3,1,0,0,0,0,0,0,0,0,7,25,0,0,0,0,0,0,0,0,0
rno-miR-543-5p,1,0,0,0,0,0,0,0,0,0,0,1,0,0,0,3,0,0,0,0,0,0,0,0,0,0,0,0,1,0,0,0,0,0,0,0,0,0,0,0,0,0,0,0,0,0,0,0
rno-miR-544-3p,0,0,0,0,0,0,0,0,0,0,0,0,0,0,0,0,0,0,0,0,0,0,0,0,0,0,0,0,0,0,0,0,0,0,0,0,0,0,0,0,0,0,0,0,0,0,0,0
rno-miR-544-5p,0,0,0,0,0,0,0,0,0,0,0,0,0,0,0,0,0,0,0,0,0,0,0,0,0,0,0,0,0,0,0,0,0,0,0,0,0,0,0,0,0,0,0,0,0,0,0,0
rno-miR-547-3p,0,1,0,0,0,0,0,0,0,0,0,0,0,0,2,1,0,0,0,0,0,0,0,0,0,0,0,1,0,0,0,0,0,0,0,1,0,0,0,0,0,0,0,0,0,0,0,0
rno-miR-547-5p,0,2,0,0,0,0,0,0,0,0,0,0,0,1,0,1,0,0,0,0,2,0,1,1,0,0,0,0,0,0,0,1,0,0,0,4,0,0,0,0,0,0,0,0,1,0,0,0
rno-miR-551b-3p,0,0,1,1,0,0,0,0,0,0,0,1,0,0,1,2,0,0,0,0,0,0,0,0,0,0,0,0,0,0,0,0,0,0,0,0,0,0,0,0,0,0,0,0,0,0,0,0
rno-miR-551b-5p,0,0,0,0,0,0,0,0,0,0,0,0,0,0,0,0,0,0,0,0,0,0,0,0,0,0,0,0,0,0,0,0,0,0,0,0,0,0,0,0,0,0,0,0,0,0,0,0
rno-miR-568,0,0,0,0,0,0,0,0,0,0,0,0,0,0,0,0,0,0,0,0,0,0,0,0,0,0,0,0,0,0,0,0,0,0,0,0,0,0,0,0,0,0,0,0,0,0,0,0
rno-miR-582-3p,0,0,0,4,0,2,0,0,0,1,0,11,11,0,10,9,1,3,1,1,0,1,2,3,13,7,3,0,5,0,6,1,2,1,2,8,1,9,13,2,1,0,0,3,4,0,2,2
rno-miR-582-5p,11,10,4,16,2,2,0,4,4,1,3,14,1,2,32,27,3,3,0,0,2,3,6,4,1,1,3,17,9,1,3,4,2,1,3,5,6,2,4,2,1,1,0,2,5,0,2,2
rno-miR-592,9,1,4,13,0,0,0,0,0,0,0,16,1,2,18,4,0,1,0,0,0,0,0,0,1,0,1,2,1,1,0,0,0,0,0,0,0,2,7,1,0,0,1,0,0,0,0,0
rno-miR-598-3p,128,50,54,170,12,2,4,2,4,12,16,220,14,26,296,120,2,8,4,12,12,2,20,10,46,8,48,94,74,12,4,6,4,2,10,20,8,74,158,38,6,8,6,4,42,8,8,18
rno-miR-598-5p,0,0,0,0,0,0,0,0,0,0,0,0,0,0,0,0,0,0,0,0,0,0,0,0,0,0,0,0,0,0,0,0,0,0,0,0,0,0,0,0,0,0,0,0,0,0,0,0
rno-miR-615,0,0,0,0,1,1,0,2,3,0,0,0,0,0,0,0,0,3,1,0,0,0,0,1,0,0,0,0,0,2,0,0,1,1,3,1,0,1,0,1,3,0,0,1,1,6,0,8
rno-miR-6215,0,0,0,1,0,0,1,0,0,0,0,1,0,0,0,0,0,0,0,0,0,0,0,0,0,0,0,0,0,0,0,0,0,0,0,0,0,0,0,0,0,0,0,0,0,0,0,0
rno-miR-6216,1,0,0,0,14,6,0,17,8,10,0,1,0,0,0,0,5,9,6,15,3,10,5,6,0,0,0,1,0,9,74,7,8,7,18,3,57,0,1,1,4,2,9,7,1,6,6,25
rno-miR-628,0,0,0,0,0,0,0,0,0,0,0,0,0,0,0,0,0,0,0,0,0,0,0,0,0,0,0,0,0,0,0,0,0,0,0,0,0,0,0,0,0,0,0,0,0,0,0,0
rno-miR-6314,0,0,0,0,0,0,0,0,0,0,0,0,0,0,0,0,0,0,0,0,0,0,0,0,0,0,0,0,0,0,0,0,0,0,0,0,0,0,0,0,0,0,0,0,0,0,0,0
rno-miR-6315,0,0,0,0,0,0,0,0,0,0,0,0,0,0,0,0,0,0,0,0,0,0,0,0,0,0,0,0,0,0,0,0,0,0,0,0,0,0,0,0,0,0,0,0,1,0,0,0
rno-miR-6316,0,0,0,0,0,0,0,0,0,0,0,0,0,0,0,0,0,0,0,0,0,0,0,0,0,0,0,0,0,0,0,0,0,0,0,0,0,0,0,0,0,0,0,0,0,0,0,0
rno-miR-6317,0,0,0,0,0,0,0,0,0,0,0,0,0,0,0,0,0,2,0,0,0,0,0,0,0,0,0,0,0,0,0,0,0,0,0,0,0,0,0,0,0,0,0,0,0,0,0,0
rno-miR-6318,0,0,0,2,0,0,0,1,0,0,0,0,0,0,2,1,1,1,0,0,0,0,0,0,1,0,0,0,0,0,0,0,0,0,0,0,0,1,0,2,0,0,1,0,0,0,0,0
rno-miR-6319,0,0,2,2,0,0,0,6,0,0,0,0,0,0,0,0,0,0,0,0,0,0,0,0,0,0,0,0,0,2,0,0,0,0,0,0,0,0,0,0,0,0,0,0,0,0,0,2
rno-miR-632,0,1,0,0,0,0,0,0,0,0,0,1,0,0,0,0,0,0,0,0,0,0,0,0,0,0,0,0,1,0,0,0,0,0,0,0,0,0,0,0,0,0,0,0,0,0,0,0
rno-miR-6320,0,0,0,0,0,0,0,0,0,0,0,0,0,0,0,0,0,0,0,0,0,0,0,0,0,0,0,0,0,0,0,0,0,0,0,0,0,0,0,0,0,0,0,0,0,0,0,0
rno-miR-6321,0,0,0,0,0,0,0,0,0,0,0,0,0,0,0,0,0,0,0,0,0,0,0,0,0,0,0,0,0,0,0,0,0,0,0,0,0,0,0,0,0,0,0,0,0,0,0,0
rno-miR-6322,0,0,0,0,0,0,0,0,0,0,0,0,0,0,0,0,0,0,0,0,0,0,0,0,0,0,0,0,0,0,0,0,0,0,0,0,0,0,0,0,0,0,0,0,0,0,0,0
rno-miR-6323,0,0,0,0,0,0,0,0,0,0,0,0,0,0,0,0,0,0,0,0,0,0,0,0,0,0,0,0,0,0,0,0,0,0,0,0,0,0,0,0,0,0,0,0,0,0,0,0
rno-miR-6324,0,1,0,1,1,1,0,1,1,0,2,1,0,0,0,2,2,5,2,4,0,0,0,0,2,0,1,0,0,6,1,1,1,1,0,1,3,0,0,0,0,0,2,0,1,0,0,0
rno-miR-6325,1,0,0,0,0,0,0,0,0,0,0,0,0,0,1,0,0,0,0,0,0,0,0,0,0,0,0,0,0,0,0,0,0,0,0,0,0,0,0,0,0,0,0,0,0,0,0,0
rno-miR-6326,0,0,0,0,0,0,0,0,0,0,0,0,0,0,0,0,0,0,0,0,0,0,0,0,0,0,0,0,0,0,0,0,0,0,0,0,0,0,0,0,0,0,0,0,0,0,0,0
rno-miR-6327,0,0,0,0,0,0,0,0,0,0,0,0,0,0,0,0,0,0,0,0,0,0,0,0,0,0,0,0,0,0,0,0,0,0,0,0,0,0,0,0,0,0,0,0,0,0,0,0
rno-miR-6328,0,0,2,9,1,1,0,11,3,1,7,1,0,0,6,9,6,8,6,6,1,1,1,4,1,0,0,1,1,16,12,3,3,3,4,3,1,1,0,2,5,0,16,0,1,16,1,23
rno-miR-6329,0,0,1,2,0,0,0,3,1,0,1,6,0,0,3,0,2,0,1,1,0,1,0,1,6,0,2,0,2,3,2,1,1,0,1,1,0,4,5,3,2,1,1,0,0,1,0,3
rno-miR-6330,0,0,0,0,0,0,0,0,0,0,0,0,0,0,0,0,0,0,0,0,0,0,0,0,0,0,0,0,0,0,0,0,0,0,0,0,0,0,0,0,0,0,0,0,0,0,0,0
rno-miR-6331,0,0,0,1,0,0,0,0,0,0,0,2,0,0,5,4,0,0,0,0,0,0,0,0,0,0,1,2,0,0,0,0,0,0,0,0,0,2,6,0,0,0,0,0,0,0,0,0
rno-miR-6332,0,0,0,0,0,0,0,0,0,0,0,0,0,0,0,0,0,0,0,0,0,0,0,0,0,0,0,0,0,0,0,0,0,0,0,0,0,0,0,0,0,0,0,0,0,0,0,0
rno-miR-6333,0,0,0,0,0,0,0,0,0,0,0,0,0,0,0,0,0,0,0,0,0,0,0,0,0,0,0,0,0,0,0,0,0,0,0,0,0,0,0,0,0,0,0,0,0,0,0,0
rno-miR-6334,0,0,0,0,0,0,0,0,0,0,0,0,0,0,0,0,0,0,0,0,0,0,0,0,0,0,0,0,0,0,0,0,0,0,0,0,0,0,0,0,0,0,0,0,0,0,0,0
rno-miR-652-3p,234,89,162,769,28,43,41,148,94,52,106,801,2,93,697,626,66,155,128,75,70,61,77,45,101,9,134,503,75,106,89,59,50,54,76,98,68,238,320,108,60,25,108,77,52,83,40,150
rno-miR-652-5p,0,0,0,0,0,0,0,0,0,0,0,0,0,0,1,0,0,0,0,0,0,0,0,1,0,0,0,0,0,0,1,1,0,0,0,0,0,0,1,0,0,0,0,0,0,1,0,0
rno-miR-653-3p,3,0,1,1,0,0,0,0,0,0,0,6,0,0,4,2,0,1,0,0,1,0,0,0,0,1,1,1,0,0,0,0,0,0,0,2,0,3,7,0,0,0,0,0,0,0,0,0
rno-miR-653-5p,4,2,1,5,0,0,0,0,0,0,0,3,0,0,6,1,0,0,0,0,0,0,0,0,1,1,0,4,2,0,0,0,0,0,0,0,0,1,4,0,0,0,0,0,0,0,0,0
rno-miR-664-1-5p,0,0,0,0,0,0,0,0,0,0,0,0,0,0,0,0,0,0,0,0,0,0,0,0,0,0,0,0,0,0,0,0,0,0,0,0,0,0,0,0,0,0,0,0,0,0,0,0
rno-miR-664-2-5p,0,0,0,0,0,0,0,0,0,0,0,1,0,0,2,1,0,0,0,0,0,0,0,0,0,0,1,1,0,0,0,0,0,0,0,0,0,0,0,0,0,0,0,0,0,0,0,0
rno-miR-664-3p,2,0,0,30,0,4,0,0,6,0,2,6,0,0,30,22,12,0,0,2,2,6,0,0,0,0,2,14,0,10,2,0,2,0,0,2,0,0,0,2,0,0,0,0,2,2,0,8
rno-miR-665,2,1,0,2,0,0,0,1,0,0,0,6,0,1,5,3,0,0,0,0,0,0,0,1,1,0,0,0,2,0,0,0,0,0,0,0,0,0,2,0,0,0,0,0,0,0,0,0
rno-miR-666-3p,1,1,2,4,0,0,0,0,0,0,0,3,0,0,12,1,0,0,0,0,0,0,0,0,0,0,2,1,1,0,0,0,0,0,0,0,0,3,2,0,0,0,0,0,0,0,0,0
rno-miR-666-5p,0,0,0,0,0,0,0,0,0,0,0,0,0,0,0,0,0,0,0,0,0,0,0,0,0,0,0,0,0,0,0,0,0,0,0,0,0,0,0,0,0,0,0,0,0,0,0,0
rno-miR-667-3p,0,0,0,2,0,0,0,0,1,0,0,0,0,0,1,2,0,0,0,0,0,1,0,0,0,0,0,1,0,0,0,0,0,0,0,0,0,0,1,0,0,0,0,0,0,0,0,0
rno-miR-667-5p,0,0,0,0,0,0,0,0,0,0,0,0,0,0,0,0,0,0,0,0,0,0,0,0,0,0,0,0,0,0,0,0,0,0,0,0,0,0,0,0,0,0,0,0,0,0,0,0
rno-miR-668,0,0,0,0,0,0,0,0,0,1,0,0,0,0,0,0,0,0,0,0,0,0,0,0,0,0,0,0,0,0,1,0,0,0,0,0,0,0,1,0,0,0,0,1,0,0,0,0
rno-miR-671,4,3,4,36,2,3,1,5,3,5,4,12,0,1,32,18,7,9,4,3,0,3,2,0,2,0,5,10,2,7,0,2,3,4,2,0,4,1,10,1,2,0,3,0,1,4,1,10
rno-miR-672-3p,2,1,0,2,0,1,0,0,0,0,0,2,0,0,5,2,0,0,1,0,0,1,1,0,1,0,0,0,0,0,2,0,0,0,0,1,0,0,0,0,1,0,0,0,0,0,0,0
rno-miR-672-5p,9,5,28,26,0,0,1,1,0,0,2,45,0,9,42,13,1,2,0,0,1,0,0,0,9,0,17,14,3,0,0,1,0,0,1,3,1,15,14,1,0,0,0,0,1,1,0,0
rno-miR-673-3p,0,0,2,2,0,0,0,0,0,0,0,2,0,1,0,3,0,0,0,0,0,0,0,0,1,0,0,0,0,0,0,0,0,0,0,0,0,0,2,0,0,0,0,0,0,0,0,0
rno-miR-673-5p,0,0,0,1,0,0,0,0,0,0,0,0,0,0,0,0,0,0,0,0,0,0,0,0,0,0,0,0,1,0,0,0,0,0,0,0,0,0,0,0,0,0,0,0,0,0,0,0
rno-miR-674-3p,8,4,4,46,2,3,5,14,23,5,15,26,1,1,40,38,32,22,8,15,10,8,13,5,3,1,2,20,1,30,19,10,7,9,8,4,11,2,4,3,10,2,10,2,3,9,3,13
rno-miR-674-5p,2,0,0,1,1,0,1,0,0,1,0,4,0,1,0,1,1,0,0,0,0,1,0,1,1,1,1,1,0,0,0,0,1,1,0,0,0,0,0,0,0,0,1,0,0,0,0,0
rno-miR-675-3p,1,1,0,7,0,0,1,0,1,1,1,3,0,0,6,1,0,0,0,1,0,0,0,1,0,0,0,1,0,0,1,0,0,0,0,0,0,0,1,0,0,0,0,0,0,0,0,1
rno-miR-675-5p,0,0,0,3,1,0,0,0,2,0,2,1,0,0,3,3,0,0,0,0,0,0,0,0,0,0,0,0,0,1,0,0,0,0,0,0,0,0,1,1,0,1,0,0,1,0,0,0
rno-miR-676,97,25,80,127,9,10,5,7,18,7,9,138,10,25,253,102,0,9,6,11,15,2,18,9,30,7,41,75,35,2,3,6,2,10,7,32,4,76,124,18,5,5,5,1,33,3,12,13
rno-miR-678,0,0,0,1,0,0,0,0,0,0,0,0,0,0,0,0,0,0,0,0,0,0,0,0,0,0,0,0,1,0,0,0,0,0,0,0,0,0,0,0,0,0,0,0,0,0,0,0
rno-miR-679,0,0,0,0,0,0,0,0,0,0,0,0,0,0,0,0,0,0,0,0,0,0,0,0,0,0,0,0,0,0,0,0,0,0,0,0,0,0,0,0,0,0,0,0,0,0,0,0
rno-miR-702-3p,0,0,0,3,0,0,1,0,1,1,0,0,0,0,2,3,0,1,0,1,1,1,1,0,0,0,0,4,1,1,1,0,0,0,0,0,1,0,0,0,0,0,0,0,0,0,0,1
rno-miR-702-5p,0,0,0,0,0,0,0,0,0,0,0,0,0,0,0,0,0,0,0,0,3,0,0,0,0,0,0,0,0,0,0,0,0,0,0,0,0,0,0,0,0,0,0,0,0,0,0,0
rno-miR-708-3p,8,3,5,8,2,0,2,0,0,0,0,25,5,2,5,1,0,1,0,0,0,0,0,1,8,5,5,7,14,0,0,0,0,2,1,2,0,6,14,0,0,0,0,0,0,0,0,0
rno-miR-708-5p,44,34,16,152,0,0,6,0,1,0,2,148,0,18,178,108,2,2,0,0,2,0,0,2,16,7,22,117,33,1,0,0,0,0,0,1,0,15,52,1,0,0,0,0,1,1,1,2
rno-miR-709,7,5,0,12,10,11,2,3,30,7,10,21,0,5,4,7,6,12,2,5,21,6,8,3,4,0,3,5,5,6,20,2,5,7,4,7,26,2,4,2,1,3,1,1,14,8,3,8
rno-miR-711,0,0,0,0,0,0,0,0,0,0,0,0,0,0,0,0,0,0,0,0,0,0,0,0,0,0,0,0,0,0,0,0,0,0,0,0,0,0,0,0,0,0,0,0,0,0,0,0
rno-miR-741-3p,0,0,0,0,0,0,0,0,0,0,0,0,0,0,1,0,0,0,0,0,0,0,0,0,1,0,0,0,0,0,0,0,0,0,0,0,0,0,0,0,0,0,0,0,0,0,0,0
rno-miR-741-5p,0,0,0,0,0,0,0,0,0,0,0,0,0,0,0,0,0,0,0,0,0,0,0,0,0,0,0,0,0,0,0,0,0,0,0,0,0,0,0,0,0,0,0,0,0,0,0,0
rno-miR-742-3p,0,0,0,0,0,0,0,0,0,0,0,0,0,0,0,0,0,0,0,0,0,0,0,0,0,0,0,0,0,0,0,0,0,0,0,0,0,0,0,0,0,0,0,0,1,0,0,0
rno-miR-742-5p,0,0,0,0,0,0,0,0,0,0,0,0,0,0,0,0,0,0,0,0,0,0,0,0,0,0,0,0,0,0,0,0,0,0,0,0,0,0,0,0,0,0,0,0,0,0,0,0
rno-miR-743a-3p,1,0,0,1,0,0,0,0,0,0,0,2,0,0,2,1,0,0,0,0,0,0,0,0,1,0,0,1,0,0,0,0,0,0,0,0,0,1,3,0,0,0,0,0,2,0,0,0
rno-miR-743a-5p,0,0,0,0,0,0,0,0,0,0,0,0,0,0,2,0,0,0,0,0,0,0,0,0,0,0,0,0,0,0,0,1,1,0,0,0,0,0,0,0,0,0,0,0,0,0,0,0
rno-miR-743b-3p,0,1,0,0,0,0,0,0,0,0,0,0,0,0,1,0,0,0,0,0,0,0,0,0,1,0,0,0,0,0,0,0,0,0,0,0,0,0,0,0,0,0,0,0,0,0,0,0
rno-miR-743b-5p,0,0,0,0,0,1,0,0,0,0,0,0,0,0,2,0,0,0,0,0,1,0,0,0,2,0,0,0,0,0,0,0,0,0,0,0,0,0,0,1,0,0,0,0,0,0,0,0
rno-miR-7578,0,0,0,0,0,0,0,0,0,0,0,0,0,0,0,0,0,0,0,0,0,0,0,0,0,0,0,0,0,0,0,0,0,0,0,0,0,0,0,0,0,0,0,0,0,0,0,0
rno-miR-758-3p,0,0,0,0,0,0,0,0,0,0,0,0,0,0,2,0,0,0,0,0,0,0,0,0,0,0,0,0,0,0,0,0,0,0,0,0,0,0,0,0,0,0,0,0,0,0,0,0
rno-miR-758-5p,0,0,0,0,0,0,0,0,0,0,0,0,0,0,0,0,0,0,0,0,0,0,0,0,0,0,0,0,0,0,0,0,0,0,0,0,0,0,0,0,0,0,0,0,0,0,0,0
rno-miR-759,0,0,0,0,0,0,0,0,0,0,0,0,0,0,0,0,0,0,0,0,0,0,0,0,0,0,0,0,0,0,0,0,0,0,0,0,0,0,0,0,0,0,0,0,0,0,0,0
rno-miR-760-3p,0,0,0,0,1,1,0,4,1,2,0,1,0,0,0,2,0,9,0,0,0,1,0,1,0,0,0,0,0,1,3,0,1,0,2,0,3,2,0,0,1,1,1,0,1,2,0,1
rno-miR-760-5p,0,0,0,0,0,0,0,0,0,0,0,0,0,0,0,1,0,0,0,0,0,0,0,0,0,0,0,0,0,0,0,0,0,0,0,0,0,0,0,0,0,0,0,0,0,0,0,0
rno-miR-761,0,0,0,0,0,0,0,0,0,0,0,0,0,0,0,0,0,0,0,0,0,0,0,0,0,0,0,0,0,0,0,0,0,0,0,0,0,0,0,0,0,0,0,0,0,0,0,0
rno-miR-762,0,0,0,0,0,0,0,0,0,0,0,0,0,0,0,0,0,0,0,0,0,0,0,0,0,0,0,0,0,0,0,0,0,0,0,0,0,0,0,0,0,0,0,0,0,0,0,0
rno-miR-764-3p,0,0,0,0,0,0,0,0,0,0,0,0,0,0,2,0,0,0,0,0,0,0,0,0,0,0,0,0,0,0,0,0,0,0,0,0,0,0,0,0,0,0,0,0,0,0,0,0
rno-miR-764-5p,0,0,0,0,0,0,0,0,0,0,0,0,0,0,0,0,0,0,0,0,0,0,0,0,0,0,0,0,0,0,0,0,0,0,0,0,0,0,0,0,0,0,0,0,0,0,0,0
rno-miR-770-3p,1,0,0,0,0,0,0,0,0,0,0,0,0,0,2,0,0,0,0,0,0,0,0,0,0,0,0,1,0,0,0,0,1,0,0,0,0,1,0,0,0,0,0,0,0,0,0,0
rno-miR-770-5p,0,0,0,1,0,0,0,0,0,0,0,0,0,0,0,1,0,0,0,0,0,0,0,0,0,0,0,0,0,0,0,0,0,0,0,0,0,0,0,0,0,0,0,0,0,0,0,0
rno-miR-7a-1-3p,66,28,15,137,23,38,6,160,87,47,66,193,2,30,166,87,106,156,68,110,18,51,64,51,17,7,15,74,22,123,86,48,56,56,64,37,107,10,38,33,65,15,112,30,26,78,26,158
rno-miR-7a-2-3p,0,0,0,0,0,0,0,1,1,1,0,1,0,0,0,1,2,1,2,1,0,2,1,0,0,0,0,0,0,11,3,0,3,0,6,0,1,0,0,0,3,0,2,0,3,3,1,2
rno-miR-7a-5p,21,7,16,21,0,1,0,1,1,2,2,70,7,16,84,16,3,0,2,2,0,2,2,0,35,1,15,26,15,3,4,0,2,0,2,2,6,72,42,3,10,0,0,4,2,6,2,6
rno-miR-7b,0,0,0,0,0,0,0,0,0,0,0,0,0,0,0,0,0,0,0,0,0,0,0,0,0,0,0,0,0,0,0,0,0,0,0,0,0,0,0,0,0,0,0,0,0,0,0,0
rno-miR-802-3p,0,0,1,0,0,1,0,3,2,2,0,1,0,0,1,0,6,0,0,3,0,1,3,0,0,0,0,0,0,8,0,4,2,3,3,0,0,0,1,1,1,1,1,0,0,2,2,1
rno-miR-802-5p,2,0,0,0,8,20,0,27,43,71,6,0,0,1,0,0,100,26,31,93,1,56,100,12,0,0,0,0,0,180,8,42,81,59,18,13,8,0,2,7,32,3,20,19,34,65,50,36
rno-miR-871-3p,0,0,0,0,0,0,0,0,0,0,0,0,0,0,0,0,0,0,0,0,0,0,0,0,0,0,0,0,0,0,0,0,0,0,0,0,0,0,0,0,0,0,0,0,0,0,0,0
rno-miR-871-5p,0,0,0,0,0,0,0,0,0,1,0,0,0,0,1,1,0,0,0,0,0,0,0,0,0,0,0,1,0,0,0,1,1,0,0,0,0,0,0,0,0,0,0,0,0,0,0,0
rno-miR-872-3p,5,5,5,31,0,0,2,3,5,1,11,34,0,6,55,12,7,7,3,5,1,3,1,2,4,0,6,30,6,5,1,2,1,1,3,1,5,3,7,3,3,0,4,6,2,5,0,8
rno-miR-872-5p,163,123,100,307,37,68,15,239,128,64,139,428,6,64,536,247,130,230,179,111,71,73,240,53,53,9,75,176,74,227,71,85,109,72,71,113,86,104,171,96,118,40,119,97,79,162,53,309
rno-miR-873-3p,0,0,0,0,0,2,0,0,0,1,0,1,0,0,1,4,0,0,1,0,0,0,0,0,0,0,0,0,0,0,0,2,1,0,0,0,0,2,1,1,0,0,0,0,0,0,0,0
rno-miR-873-5p,1,1,1,1,0,0,0,0,0,0,1,0,0,0,2,1,0,0,0,0,0,0,0,0,0,0,0,0,0,2,0,0,0,0,0,0,0,2,2,0,0,0,0,0,0,1,0,0
rno-miR-874-3p,26,8,11,91,12,8,4,14,23,12,11,61,0,8,85,76,9,14,1,8,6,7,10,11,5,2,15,37,12,9,21,9,16,10,29,15,14,20,30,8,10,4,2,5,16,11,12,31
rno-miR-874-5p,2,2,2,4,1,0,0,0,0,0,0,6,0,0,9,5,1,0,0,0,0,2,1,0,2,1,0,5,0,0,0,0,0,1,0,0,1,0,4,0,0,0,0,0,0,0,0,0
rno-miR-875,0,0,0,0,0,0,0,0,0,0,0,0,0,0,0,0,0,0,0,0,0,0,0,0,0,0,0,0,0,0,0,0,0,0,0,0,0,0,0,0,0,0,0,0,0,0,0,0
rno-miR-876,0,0,0,0,0,0,0,0,0,0,0,0,0,0,0,0,0,0,0,0,0,0,0,0,0,0,0,0,0,0,0,0,0,0,0,0,0,0,0,0,0,0,0,0,0,0,0,0
rno-miR-877,0,0,0,0,0,0,0,0,0,0,0,0,0,0,0,0,0,0,0,0,0,0,0,0,0,0,0,1,0,0,0,0,0,0,0,0,1,0,0,0,0,0,0,0,0,0,0,0
rno-miR-878,0,0,0,0,0,0,0,0,0,0,0,0,0,0,0,0,0,0,0,0,0,0,0,0,0,0,0,0,0,0,0,0,0,0,0,0,0,0,0,0,0,0,0,0,0,0,0,0
rno-miR-879-3p,0,0,0,0,0,0,0,0,0,0,0,0,0,0,2,2,0,0,0,0,0,0,0,0,0,0,0,0,0,0,0,0,0,0,0,0,0,0,0,0,0,0,0,0,0,0,0,0
rno-miR-879-5p,0,4,0,1,0,0,0,0,0,0,0,1,0,0,0,3,0,0,0,1,0,0,0,0,0,1,0,2,1,0,0,0,0,1,0,0,0,0,1,0,0,0,0,0,0,0,1,0
rno-miR-880-3p,0,0,0,0,0,0,0,0,0,0,0,0,0,0,0,0,0,0,0,0,0,0,0,0,0,0,0,0,0,0,0,0,0,0,0,0,0,0,0,0,0,0,0,0,0,0,0,0
rno-miR-880-5p,0,0,0,0,0,0,0,0,0,0,0,0,0,0,0,0,0,0,0,0,0,0,0,0,0,0,0,0,0,0,0,0,0,0,0,0,0,0,0,0,0,0,0,0,0,0,0,0
rno-miR-881-3p,0,0,0,0,0,0,0,0,0,0,0,0,0,0,2,0,0,0,0,0,0,0,0,0,0,0,0,0,0,0,0,0,0,0,0,0,0,0,0,0,0,0,0,0,0,0,0,0
rno-miR-881-5p,0,0,0,0,0,0,0,0,0,0,0,0,0,0,0,0,0,0,0,0,0,0,0,0,0,0,0,0,0,0,0,0,0,0,0,0,0,0,0,0,0,0,0,0,0,0,0,0
rno-miR-883-3p,0,0,0,0,0,0,0,0,0,0,0,0,0,0,0,0,0,0,0,0,0,0,0,0,0,0,0,0,0,0,0,0,0,0,0,0,0,0,0,0,0,0,0,0,0,0,0,0
rno-miR-883-5p,0,0,0,0,0,0,0,0,0,0,0,0,0,0,0,0,0,0,0,0,0,0,0,0,0,0,0,0,0,0,0,0,0,0,0,0,0,0,0,0,0,0,0,0,0,0,0,0
rno-miR-92a-1-5p,16,7,6,4,2,0,0,0,1,0,0,24,0,7,27,6,1,0,0,0,0,0,0,2,1,1,5,1,7,1,0,0,0,3,0,1,1,14,13,0,1,0,1,2,1,1,0,3
rno-miR-92a-2-5p,0,0,0,0,0,0,0,0,0,0,0,0,0,0,0,0,0,0,0,0,0,0,0,0,0,0,0,0,0,0,0,0,0,0,0,0,0,0,0,0,0,0,0,0,0,0,0,0
rno-miR-92a-3p,1193,440,1271,3563,2924,4815,187,21980,6893,4277,6662,3008,140,387,5496,3638,7678,18492,9301,10993,2762,6542,10099,4802,626,136,919,1581,528,14504,6983,4695,5878,4073,9514,4400,5999,1776,2536,8008,8503,2382,18523,8496,3238,14020,4148,25254
rno-miR-92b-3p,9,6,6,77,45,44,3,145,81,68,41,24,0,6,68,89,89,108,47,71,20,69,64,32,2,0,4,33,6,137,43,27,66,25,66,16,50,11,22,36,58,14,91,42,21,46,31,118
rno-miR-92b-5p,0,0,0,2,0,0,1,0,0,0,0,2,0,0,0,1,0,0,0,0,0,0,0,0,0,0,0,0,0,1,0,0,0,0,0,0,0,0,0,0,0,0,0,0,0,1,0,0
rno-miR-93-3p,3,1,2,12,4,4,0,20,14,3,12,16,0,2,15,14,31,25,11,27,5,27,8,16,2,0,4,8,3,40,27,14,22,17,38,7,25,9,15,16,25,1,17,10,5,29,13,44
rno-miR-93-5p,1396,677,1394,1570,1158,1547,75,3680,1273,1407,2675,3709,33,581,2874,1897,1369,3110,5892,1902,1237,2049,4148,1550,578,76,1298,1038,644,2871,1628,2547,2104,2235,2796,3826,2507,1731,1157,3443,2078,904,2350,2963,1516,2692,1268,4528
rno-miR-935,0,0,0,0,0,0,0,0,0,0,0,0,0,0,0,1,0,0,0,0,0,0,0,0,0,0,0,1,0,0,0,0,0,0,0,0,0,0,0,0,1,0,0,0,0,0,0,0
rno-miR-96-3p,0,0,0,0,0,0,0,0,0,0,0,0,0,0,0,0,0,0,0,0,0,0,0,0,0,0,0,0,0,0,0,0,0,0,0,0,0,0,0,0,0,0,0,0,0,0,0,0
rno-miR-96-5p,1,2,0,12,0,0,0,0,0,0,0,8,1,3,23,2,0,1,0,0,0,0,0,0,4,0,5,1,2,0,0,0,0,0,0,0,0,1,3,0,0,0,0,1,0,0,0,0
rno-miR-98-3p,0,0,0,0,0,0,0,0,0,0,0,0,0,1,1,0,0,0,0,0,0,0,0,0,0,0,0,0,0,0,0,0,0,0,0,0,0,0,0,0,0,0,0,0,0,0,0,0
rno-miR-98-5p,160,89,526,670,2,6,43,18,11,9,23,1351,19,151,1531,419,13,37,50,19,23,23,46,26,385,39,392,301,176,21,31,14,21,7,19,50,21,650,782,80,23,5,25,28,30,37,17,70
rno-miR-99a-3p,163,111,58,104,0,0,4,1,1,1,2,277,14,39,204,85,0,1,1,0,1,2,1,0,45,22,76,60,86,0,1,1,0,0,0,3,0,76,86,0,1,1,0,1,2,1,1,0
rno-miR-99a-5p,12674,6814,7490,24529,103,81,1212,94,289,122,635,37454,1139,4051,25870,14084,82,357,99,140,443,108,252,191,5071,2732,7344,10473,7630,128,74,108,69,140,81,1173,75,7909,13784,356,89,87,58,38,448,87,165,249
rno-miR-99b-3p,23,12,35,65,1,1,3,3,3,6,2,60,1,9,83,42,0,4,1,5,3,3,5,0,14,4,14,23,13,4,1,1,2,2,5,6,2,31,34,6,1,2,3,0,7,3,2,2
rno-miR-99b-5p,34,12,72,655,5,3,35,4,39,18,66,573,36,58,565,398,21,53,9,34,41,16,15,26,83,43,90,426,99,10,31,17,19,16,32,64,37,128,177,38,22,16,8,4,43,20,14,47
rno-miR-9a-3p,0,0,0,3,0,0,0,0,0,0,6,0,0,0,24,15,0,0,0,0,3,0,0,0,0,0,0,3,3,0,0,0,0,0,0,0,0,0,6,0,0,0,0,0,0,3,0,0
rno-miR-9a-5p,77,60,73,183,0,0,15,2,7,3,11,264,27,39,615,308,0,7,3,0,4,8,17,5,101,17,87,113,73,6,0,3,6,3,0,18,0,365,424,2,0,0,0,0,9,5,6,0
rno-miR-9b-3p,0,0,0,0,0,0,0,0,0,0,0,0,0,0,0,0,0,0,0,0,0,0,0,0,0,0,0,0,0,0,0,0,0,0,0,0,0,0,0,0,0,0,0,0,0,0,0,0
rno-miR-9b-5p,0,0,0,0,0,0,0,0,0,0,0,0,0,0,0,0,0,0,0,0,0,0,0,0,0,0,0,0,0,0,0,0,0,0,0,0,0,0,0,0,0,0,0,0,0,0,0,0
